workflow_id,task_id,data_flow_id,data_flow_order,asset_role,database_name,table_name,s3_path,partition_col,partition_base_unit,partition_start_offset,partition_end_offset,owner_team
GPCC_mthly_rec_result,load_rec_target,flow_1,1,input,wdp_bdp_db_dlk_l2_msk_view,f13_svc_gpcc_trgt,,part_dt,D,0,0,
GPCC_mthly_rec_result,load_rec_target,flow_1,1,output,,,${ml_output_path}/athena/GPCC_MTHLY/rec_trgt/,part_dt,D,0,0,
GPCC_mthly_rec_result,mk_mthly_rec_result,gen_mthly_rec_result,1,input,,,${ml_output_path}/athena/GPCC_MTHLY/rec_trgt,part_dt,D,0,0,
GPCC_mthly_rec_result,mk_mthly_rec_result,gen_mthly_rec_result,1,input,,,${ml_output_path}/athena/GPCC_ITEM_FEATURE/cntn_mcno_main,part_dt,D,0,0,
GPCC_mthly_rec_result,mk_mthly_rec_result,gen_mthly_rec_result,1,output,,,${ml_output_path}/athena/GPCC_MTHLY/mthly_rec_result,part_dt,D,0,0,
GPCC_mthly_rec_result,save_rec_result,flow_1,1,input,,,${ml_output_path}/athena/GPCC_MTHLY/mthly_rec_result/,part_dt,D,0,0,
GPCC_mthly_rec_result,save_rec_result,flow_1,1,output,wdp_bdp_db_dlk_l2_org,f13_svc_mm_rec_rslt,,part_dt,D,0,0,
GPCC_mthly_rec_result,mthly_dq_check,mthly_dq_summary,1,input,,,${ml_output_path}/athena/GPCC_MTHLY/mthly_rec_result,part_dt,D,0,0,
GPCC_mthly_rec_result,mthly_dq_check,mthly_dq_summary,1,input,,,${ml_output_path}/athena/GPCC_MTHLY/rec_trgt,part_dt,D,0,0,
GPCC_mthly_rec_result,mthly_dq_check,mthly_dq_summary,1,output,,,${ml_output_path}/athena/GPCC_MTHLY/mthly_dq_summary,part_dt,D,0,0,
GPCC_stage1_item_feature,load_item_meta,flow_1,1,input,wdp_bdp_db_dlk_l2_msk_view,f13_camp_bsis,,,,,,
GPCC_stage1_item_feature,load_item_meta,flow_1,1,input,wdp_bdp_db_dlk_l2_msk_view,f13_camp_arch_cond_cd,,,,,,
GPCC_stage1_item_feature,load_item_meta,flow_1,1,output,,,${ml_output_path}/athena/GPCC_ITEM_META/camp_meta_with_arch_cond/,,,,,
GPCC_stage1_item_feature,load_item_meta,flow_2,2,input,wdp_bdp_db_dlk_l2_msk_view,f13_arch_grp_arch_rel,,,,,,
GPCC_stage1_item_feature,load_item_meta,flow_2,2,output,,,${ml_output_path}/athena/GPCC_ITEM_META/arch_grp_info/,,,,,
GPCC_stage1_item_feature,load_item_meta,flow_3,3,input,wdp_bdp_db_dlk_l1_msk_view,arch_bsis,,,,,,
GPCC_stage1_item_feature,load_item_meta,flow_3,3,output,,,${ml_output_path}/athena/GPCC_ITEM_META/mccb_cd/,,,,,
GPCC_stage1_item_feature,load_item_meta,flow_4,4,input,wdp_bdp_db_dlk_l1_msk_view,mm_arch_rsl,,part_dt,M,-5,1,
GPCC_stage1_item_feature,load_item_meta,flow_4,4,output,,,${ml_output_path}/athena/GPCC_ITEM_META/mcno_spd_sary/,part_yrmn,M,-5,1,
GPCC_stage1_item_feature,load_item_meta,flow_5,5,input,wdp_bdp_db_dlk_l2_msk_view,f13_camp_bsis,,,,,,
GPCC_stage1_item_feature,load_item_meta,flow_5,5,output,,,${ml_output_path}/athena/GPCC_ITEM_META/camp_meta/,,,,,
GPCC_stage1_item_feature,load_item_meta,flow_6,6,input,wdp_bdp_db_dlk_l1_msk_view,ld_clm_ncob_clas_info,,,,,,
GPCC_stage1_item_feature,load_item_meta,flow_6,6,output,,,${ml_output_path}/athena/GPCC_ITEM_META/ld_clm_ncob_clas_info/,,,,,
GPCC_stage1_item_feature,load_item_meta,flow_7,7,input,wdp_bdp_db_dlk_l2_msk_view,f13_svc_arch_cd,,,,,,
GPCC_stage1_item_feature,load_item_meta,flow_7,7,output,,,${ml_output_path}/athena/GPCC_ITEM_META/arch_dict/,,,,,
GPCC_stage1_item_feature,load_item_meta,flow_8,8,input,wdp_bdp_db_dlk_l2_msk_view,f13_camp_bsis,,,,,,
GPCC_stage1_item_feature,load_item_meta,flow_8,8,output,,,${ml_output_path}/athena/GPCC_ITEM_META/camp_meta_for_brd/,,,,,
GPCC_stage1_item_feature,load_item_meta,flow_9,9,input,wdp_bdp_db_dlk_l2_msk_view,f13_camp_arch_cond_cd,,,,,,
GPCC_stage1_item_feature,load_item_meta,flow_9,9,output,,,${ml_output_path}/athena/GPCC_ITEM_META/arch_cond_meta_for_brd/,,,,,
GPCC_stage1_item_feature,load_item_meta,flow_10,10,input,wdp_bdp_db_dlk_l1_msk_view,mccb_cd,,,,,,
GPCC_stage1_item_feature,load_item_meta,flow_10,10,output,,,${ml_output_path}/athena/GPCC_ITEM_META/mccb_meta_for_brd/,,,,,
GPCC_stage1_item_feature,load_item_meta,flow_11,11,input,wdp_bdp_db_dlk_l1_msk_view,arch_bsis,,,,,,
GPCC_stage1_item_feature,load_item_meta,flow_11,11,output,,,${ml_output_path}/athena/GPCC_ITEM_META/arch_info_for_brd/,,,,,
GPCC_stage1_item_feature,load_item_meta,flow_12,12,input,wdp_bdp_db_dlk_l2_msk_view,f13_svc_brnd_mcno_dict,,,,,,
GPCC_stage1_item_feature,load_item_meta,flow_12,12,output,,,${ml_output_path}/athena/GPCC_ITEM_META/brnd_mcno_dict/,,,,,
GPCC_stage1_item_feature,load_item_meta,flow_13,13,input,wdp_bdp_db_dlk_l2_msk_view,f13_svc_brnd_cndd_dict,,,,,,
GPCC_stage1_item_feature,load_item_meta,flow_13,13,output,,,${ml_output_path}/athena/GPCC_ITEM_META/brnd_cndd_dict/,,,,,
GPCC_stage1_item_feature,load_item_meta,flow_14,14,input,wdp_bdp_db_dlk_l2_msk_view,f13_svc_brnd_ctgr_dict,,,,,,
GPCC_stage1_item_feature,load_item_meta,flow_14,14,output,,,${ml_output_path}/athena/GPCC_ITEM_META/brnd_ctgr_dict/,,,,,
GPCC_stage1_item_feature,load_item_meta,flow_15,15,input,wdp_bdp_db_dlk_l2_msk_view,f13_svc_mccb_ctgr_dict,,,,,,
GPCC_stage1_item_feature,load_item_meta,flow_15,15,output,,,${ml_output_path}/athena/GPCC_ITEM_META/mccb_ctgr_dict/,,,,,
GPCC_stage1_item_feature,load_log_parser,flow_1,1,input,wdp_bdp_db_dlk_l1_msk_view,hcc_cust_bhve_data,,part_dttm,D,-1,-1,
GPCC_stage1_item_feature,load_log_parser,flow_1,1,output,,,${ml_output_path}/athena/GPCC_LOG_PARSER/log_raw/,imp_dt,D,-1,-1,
GPCC_stage1_item_feature,load_log_parser,flow_2,2,input,wdp_bdp_db_dlk_l2_msk_view,f13_svc_dd_rec_rslt,,bs_dt,D,-4,-4,
GPCC_stage1_item_feature,load_log_parser,flow_2,2,output,,,${ml_output_path}/athena/GPCC_LOG_PARSER/rec_result/,bs_dt,D,-4,-4,
GPCC_stage1_item_feature,load_log_parser,flow_3,3,input,wdp_bdp_db_dlk_l2_msk_view,f13_svc_dd_item_meta,,part_dt,D,-2,-2,
GPCC_stage1_item_feature,load_log_parser,flow_3,3,output,,,${ml_output_path}/athena/GPCC_LOG_PARSER/item_meta/,part_dt,D,-2,-2,
GPCC_stage1_item_feature,load_item_feature,flow_1,1,input,wdp_bdp_db_dlk_l1_msk_view,mm_arch_x_aggr_by_idx_by_id,,part_dt,D,0,0,
GPCC_stage1_item_feature,load_item_feature,flow_1,1,output,,,${ml_output_path}/athena/GPCC_ITEM_FEATURE/ifeature_ptag/,part_dt,D,0,0,
GPCC_stage1_item_feature,load_item_feature,flow_2,2,input,wdp_bdp_db_dlk_l1_msk_view,mm_arch_rsl,,part_dt,M,-5,1,
GPCC_stage1_item_feature,load_item_feature,flow_2,2,output,,,${ml_output_path}/athena/GPCC_ITEM_FEATURE/ifeature_mm_arch_rsl_date/,part_yrmn,M,-5,1,
GPCC_stage1_item_feature,load_item_feature,flow_3,3,input,wdp_bdp_db_dlk_l1_msk_view,mm_ts_card_pchs,,part_dt,M,-5,1,
GPCC_stage1_item_feature,load_item_feature,flow_3,3,output,,,${ml_output_path}/athena/GPCC_ITEM_FEATURE/ifeature_mm_ts_card_pchs_date/,part_yrmn,M,-5,1,
GPCC_stage1_item_feature,load_item_feature,flow_4,4,input,wdp_bdp_db_dlk_l1_msk_view,mm_pld_use_rsl,,part_dt,M,-5,1,
GPCC_stage1_item_feature,load_item_feature,flow_4,4,output,,,${ml_output_path}/athena/GPCC_ITEM_FEATURE/feature_mm_pld_use_rsl_date/,part_yrmn,M,-5,1,
GPCC_stage1_item_feature,load_item_feature,flow_5,5,input,wdp_bdp_db_dlk_l1_msk_view,mm_arch_rsl,,part_dt,D,0,0,
GPCC_stage1_item_feature,load_item_feature,flow_5,5,output,,,${ml_output_path}/athena/GPCC_ITEM_FEATURE/ifeature_arch_rsl_ftr/,part_dt,D,0,0,
GPCC_stage1_item_feature,load_item_feature,flow_6,6,input,wdp_bdp_db_dlk_l1_msk_view,mm_ts_card_pchs,,part_dt,D,0,0,
GPCC_stage1_item_feature,load_item_feature,flow_6,6,output,,,${ml_output_path}/athena/GPCC_ITEM_FEATURE/ifeature_ts_card_pchs/,part_mt,M,-5,1,
GPCC_stage1_item_feature,load_item_feature,flow_7,7,input,wdp_bdp_db_dlk_l1_msk_view,mm_pld_use_rsl,,part_dt,D,0,0,
GPCC_stage1_item_feature,load_item_feature,flow_7,7,output,,,${ml_output_path}/athena/GPCC_ITEM_FEATURE/ifeature_sow_high/,part_dt,D,0,0,
GPCC_stage1_item_feature,ItemMetaGenerator,gen_cntn_arch_key,1,input,,,${ml_output_path}/athena/GPCC_ITEM_META/camp_meta_with_arch_cond,,,,,
GPCC_stage1_item_feature,ItemMetaGenerator,gen_cntn_arch_key,1,input,,,${ml_output_path}/athena/GPCC_ITEM_META/arch_grp_info,,,,,
GPCC_stage1_item_feature,ItemMetaGenerator,gen_cntn_arch_key,1,input,,,${ml_output_path}/athena/GPCC_ITEM_META/mccb_cd,,,,,
GPCC_stage1_item_feature,ItemMetaGenerator,gen_cntn_arch_key,1,input,,,${ml_output_path}/athena/GPCC_ITEM_META/mcno_spd_sary,part_yrmn,M,-5,1,
GPCC_stage1_item_feature,ItemMetaGenerator,gen_cntn_arch_key,1,output,,,${ml_output_path}/athena/GPCC_ITEM_META/cntn_arch_key,part_dt,D,0,0,
GPCC_stage1_item_feature,ItemMetaGenerator,gen_cntn_mcno_all,2,input,,,${ml_output_path}/athena/GPCC_ITEM_META/camp_meta,part_dt,D,0,0,
GPCC_stage1_item_feature,ItemMetaGenerator,gen_cntn_mcno_all,2,input,,,${ml_output_path}/athena/GPCC_ITEM_META/brnd_mcno_dict,,,,,
GPCC_stage1_item_feature,ItemMetaGenerator,gen_cntn_mcno_all,2,input,,,${ml_output_path}/athena/GPCC_ITEM_META/brnd_cndd_dict,,,,,
GPCC_stage1_item_feature,ItemMetaGenerator,gen_cntn_mcno_all,2,input,,,${ml_output_path}/athena/GPCC_ITEM_META/brnd_ctgr_dict,,,,,
GPCC_stage1_item_feature,ItemMetaGenerator,gen_cntn_mcno_all,2,input,,,${ml_output_path}/athena/GPCC_ITEM_META/mccb_ctgr_dict,,,,,
GPCC_stage1_item_feature,ItemMetaGenerator,gen_cntn_mcno_all,2,output,,,${ml_output_path}/athena/GPCC_ITEM_META/cntn_mcno_all,part_dt,D,0,0,
GPCC_stage1_item_feature,ItemMetaGenerator,gen_cntn_mcno_main,3,input,,,${ml_output_path}/athena/GPCC_ITEM_META/camp_meta_for_brd,part_dt,D,0,0,
GPCC_stage1_item_feature,ItemMetaGenerator,gen_cntn_mcno_main,3,input,,,${ml_output_path}/athena/GPCC_ITEM_META/arch_cond_meta_for_brd,,,,,
GPCC_stage1_item_feature,ItemMetaGenerator,gen_cntn_mcno_main,3,input,,,${ml_output_path}/athena/GPCC_ITEM_META/mccb_meta_for_brd,,,,,
GPCC_stage1_item_feature,ItemMetaGenerator,gen_cntn_mcno_main,3,input,,,${ml_output_path}/athena/GPCC_ITEM_META/arch_info_for_brd,,,,,
GPCC_stage1_item_feature,ItemMetaGenerator,gen_cntn_mcno_main,3,output,,,${ml_output_path}/athena/GPCC_ITEM_META/cntn_mcno_main,part_dt,D,0,0,
GPCC_stage1_item_feature,ItemMetaGenerator,gen_item_meta_v2,4,input,,,${ml_output_path}/athena/GPCC_ITEM_META/cntn_mcno_main,part_dt,D,0,0,
GPCC_stage1_item_feature,ItemMetaGenerator,gen_item_meta_v2,4,input,,,${ml_output_path}/athena/GPCC_ITEM_META/cntn_arch_key,part_dt,D,0,0,
GPCC_stage1_item_feature,ItemMetaGenerator,gen_item_meta_v2,4,output,,,${ml_output_path}/athena/GPCC_ITEM_META/item_meta_v2,part_dt,D,0,0,
GPCC_stage1_item_feature,ItemMetaGenerator,get_item_meta,5,input,,,${ml_output_path}/athena/GPCC_ITEM_META/cntn_mcno_all,part_dt,D,0,0,
GPCC_stage1_item_feature,ItemMetaGenerator,get_item_meta,5,input,,,${ml_output_path}/athena/GPCC_ITEM_META/ld_clm_ncob_clas_info,,,,,
GPCC_stage1_item_feature,ItemMetaGenerator,get_item_meta,5,input,,,${ml_output_path}/athena/GPCC_ITEM_META/arch_dict,,,,,
GPCC_stage1_item_feature,ItemMetaGenerator,get_item_meta,5,output,,,${ml_output_path}/athena/GPCC_ITEM_META/item_meta,part_dt,D,0,0,
GPCC_stage1_item_feature,LogGenerator,gen_user_cntn_internal_mart,1,input,,,${ml_output_path}/athena/GPCC_LOG_PARSER/3rs_svc_bhve_mrt_v3,imp_dt,D,-1,-1,
GPCC_stage1_item_feature,LogGenerator,gen_user_cntn_internal_mart,1,input,,,${ml_output_path}/athena/GPCC_ITEM_META/camp_meta_with_arch_cond,,,,,
GPCC_stage1_item_feature,LogGenerator,gen_user_cntn_internal_mart,1,output,,,${ml_output_path}/athena/GPCC_LOG_PARSER/usr_cntn_hstr_usr,imp_dt,D,-1,-1,
GPCC_stage1_item_feature,LogGenerator,gen_user_cntn_internal_mart,1,output,,,${ml_output_path}/athena/GPCC_LOG_PARSER/usr_cntn_hstr_uc,imp_dt,D,-1,-1,
GPCC_stage1_item_feature,LogGenerator,gen_user_cntn_internal_mart,1,output,,,${ml_output_path}/athena/GPCC_LOG_PARSER/usr_cntn_hstr_ucm,imp_dt,D,-1,-1,
GPCC_stage1_item_feature,LogGenerator,gen_user_cntn_internal_mart,1,output,,,${ml_output_path}/athena/GPCC_LOG_PARSER/usr_cntn_hstr_ucc,imp_dt,D,-1,-1,
GPCC_stage1_item_feature,LogGenerator,gen_user_cntn_internal_mart,1,output,,,${ml_output_path}/athena/GPCC_LOG_PARSER/usr_cntn_hstr_uct,imp_dt,D,-1,-1,
GPCC_stage1_item_feature,LogGenerator,gen_user_cntn_internal_mart,1,output,,,${ml_output_path}/athena/GPCC_LOG_PARSER/usr_cntn_hstr_ucp,imp_dt,D,-1,-1,
GPCC_stage1_item_feature,LogGenerator,bhve_parser,2,input,,,${ml_output_path}/athena/GPCC_LOG_PARSER/log_raw,imp_dt,D,-1,-1,
GPCC_stage1_item_feature,LogGenerator,bhve_parser,2,input,,,${ml_output_path}/athena/GPCC_LOG_PARSER/rec_result,bs_dt,D,-4,-4,
GPCC_stage1_item_feature,LogGenerator,bhve_parser,2,input,,,${ml_output_path}/athena/GPCC_LOG_PARSER/item_meta,part_dt,D,-2,-2,
GPCC_stage1_item_feature,LogGenerator,bhve_parser,2,output,,,${ml_output_path}/athena/GPCC_LOG_PARSER/3rs_svc_bhve_prs_v3,imp_dt,D,-1,-1,
GPCC_stage1_item_feature,LogGenerator,bhve_filter,3,input,,,${ml_output_path}/athena/GPCC_LOG_PARSER/3rs_svc_bhve_prs_v3,imp_dt,D,-1,-1,
GPCC_stage1_item_feature,LogGenerator,bhve_filter,3,output,,,${ml_output_path}/athena/GPCC_LOG_PARSER/3rs_svc_bhve_prs_v3_filtered,imp_dt,D,-1,-1,
GPCC_stage1_item_feature,LogGenerator,bhve_mrt,4,input,,,${ml_output_path}/athena/GPCC_LOG_PARSER/3rs_svc_bhve_prs_v3_filtered,imp_dt,D,-1,-1,
GPCC_stage1_item_feature,LogGenerator,bhve_mrt,4,output,,,${ml_output_path}/athena/GPCC_LOG_PARSER/3rs_svc_bhve_mrt_v3,imp_dt,D,-1,-1,
GPCC_stage1_item_feature,FT_ItemFeature,gen_cntn_ptag,1,input,,,${ml_output_path}/athena/GPCC_ITEM_FEATURE/ifeature_ptag,part_dt,D,0,0,
GPCC_stage1_item_feature,FT_ItemFeature,gen_cntn_ptag,1,input,,,${ml_output_path}/athena/GPCC_ITEM_FEATURE/cntn_mcno_main,part_dt,D,0,0,
GPCC_stage1_item_feature,FT_ItemFeature,gen_cntn_ptag,1,output,,,${ml_output_path}/athena/GPCC_FT_FEATURE/cntn_ptag_ft_v1,part_dt,D,0,0,
GPCC_stage1_item_feature,FT_ItemFeature,gen_cntn_mrch_spd,2,input,,,${ml_output_path}/athena/GPCC_ITEM_FEATURE/ifeature_mm_arch_rsl_date,part_yrmn,M,-5,1,
GPCC_stage1_item_feature,FT_ItemFeature,gen_cntn_mrch_spd,2,input,,,${ml_output_path}/athena/GPCC_ITEM_FEATURE/ifeature_arch_rsl_ftr,part_dt,D,0,0,
GPCC_stage1_item_feature,FT_ItemFeature,gen_cntn_mrch_spd,2,input,,,${ml_output_path}/athena/GPCC_ITEM_FEATURE/cntn_mcno_all,part_dt,D,0,0,
GPCC_stage1_item_feature,FT_ItemFeature,gen_cntn_mrch_spd,2,output,,,${ml_output_path}/athena/GPCC_FT_FEATURE/cntn_mrch_spd_ft_v1,part_dt,D,0,0,
GPCC_stage1_item_feature,FT_ItemFeature,gen_cntn_mrch_spd,2,output,,,${ml_output_path}/athena/GPCC_FT_FEATURE/cntn_mrch_spd,part_dt,D,0,0,
GPCC_stage1_item_feature,FT_ItemFeature,gen_item_features,3,input,,,${ml_output_path}/athena/GPCC_ITEM_FEATURE/ifeature_mm_ts_card_pchs_date,part_yrmn,M,-5,1,
GPCC_stage1_item_feature,FT_ItemFeature,gen_item_features,3,input,,,${ml_output_path}/athena/GPCC_ITEM_FEATURE/feature_mm_pld_use_rsl_date,part_yrmn,M,-5,1,
GPCC_stage1_item_feature,FT_ItemFeature,gen_item_features,3,input,,,${ml_output_path}/athena/GPCC_ITEM_FEATURE/ifeature_ts_card_pchs,part_mt,M,-5,1,
GPCC_stage1_item_feature,FT_ItemFeature,gen_item_features,3,input,,,${ml_output_path}/athena/GPCC_ITEM_FEATURE/ifeature_sow_high,part_dt,D,0,0,
GPCC_stage1_item_feature,FT_ItemFeature,gen_item_features,3,input,,,${ml_output_path}/athena/GPCC_FT_FEATURE/item_meta,part_dt,D,0,0,
GPCC_stage1_item_feature,FT_ItemFeature,gen_item_features,3,input,,,${ml_output_path}/athena/GPCC_FT_FEATURE/item_meta_v2,part_dt,D,0,0,
GPCC_stage1_item_feature,FT_ItemFeature,gen_item_features,3,output,,,${ml_output_path}/athena/GPCC_FT_FEATURE/item_features_ft_v1,part_dt,D,0,0,
GPCC_stage1_item_feature,save_stage1_mart,flow_1,1,input,,,${ml_output_path}/athena/GPCC_ITEM_META/cntn_mcno_all/,part_dt,D,0,0,
GPCC_stage1_item_feature,save_stage1_mart,flow_1,1,output,wdp_bdp_db_dlk_l2_org,f13_cntn_mcno_all,,part_dt,D,0,0,
GPCC_stage1_item_feature,save_stage1_mart,flow_2,2,input,,,${ml_output_path}/athena/GPCC_ITEM_META/cntn_mcno_main/,part_dt,D,0,0,
GPCC_stage1_item_feature,save_stage1_mart,flow_2,2,output,wdp_bdp_db_dlk_l2_org,f13_cntn_mcno_main,,part_dt,D,0,0,
GPCC_stage1_item_feature,save_stage1_mart,flow_3,3,input,,,${ml_output_path}/athena/GPCC_ITEM_META/item_meta/,part_dt,D,0,0,
GPCC_stage1_item_feature,save_stage1_mart,flow_3,3,output,wdp_bdp_db_dlk_l2_org,f13_svc_dd_item_meta,,part_dt,D,0,0,
GPCC_stage1_item_feature,save_stage1_mart,flow_4,4,input,,,${ml_output_path}/athena/GPCC_ITEM_META/item_meta_v2/,part_dt,D,0,0,
GPCC_stage1_item_feature,save_stage1_mart,flow_4,4,output,wdp_bdp_db_dlk_l2_org,f13_svc_dd_item_meta_v2,,part_dt,D,0,0,
GPCC_stage1_item_feature,save_stage1_mart,flow_5,5,input,,,${ml_output_path}/athena/GPCC_LOG_PARSER/3rs_svc_bhve_mrt_v3/,imp_dt,D,-1,-1,
GPCC_stage1_item_feature,save_stage1_mart,flow_5,5,output,wdp_bdp_db_dlk_l2_org,f13_svc_dd_user_bhve_info,,part_dt,D,0,0,
GPCC_stage1_item_feature,save_stage1_mart,flow_6,6,input,,,${ml_output_path}/athena/GPCC_LOG_PARSER/usr_cntn_hstr_usr/,imp_dt,D,-1,-1,
GPCC_stage1_item_feature,save_stage1_mart,flow_6,6,output,wdp_bdp_db_dlk_l2_org,f13_svc_dd_user_bhve_hst,,part_dt,D,0,0,
GPCC_stage1_item_feature,save_stage1_mart,flow_7,7,input,,,${ml_output_path}/athena/GPCC_LOG_PARSER/usr_cntn_hstr_uc/,imp_dt,D,-1,-1,
GPCC_stage1_item_feature,save_stage1_mart,flow_7,7,output,wdp_bdp_db_dlk_l2_org,f13_svc_dd_user_cntn_bhve_hst,,part_dt,D,0,0,
GPCC_stage1_item_feature,save_stage1_mart,flow_8,8,input,,,${ml_output_path}/athena/GPCC_LOG_PARSER/usr_cntn_hstr_ucc/,imp_dt,D,-1,-1,
GPCC_stage1_item_feature,save_stage1_mart,flow_8,8,output,wdp_bdp_db_dlk_l2_org,f13_svc_dd_user_accb_bhve_hst,,part_dt,D,0,0,
GPCC_stage1_item_feature,save_stage1_mart,flow_9,9,input,,,${ml_output_path}/athena/GPCC_LOG_PARSER/usr_cntn_hstr_ucm/,imp_dt,D,-1,-1,
GPCC_stage1_item_feature,save_stage1_mart,flow_9,9,output,wdp_bdp_db_dlk_l2_org,f13_svc_dd_user_arch_bhve_hst,,part_dt,D,0,0,
GPCC_stage1_item_feature,save_stage1_mart,flow_10,10,input,,,${ml_output_path}/athena/GPCC_LOG_PARSER/usr_cntn_hstr_uct/,imp_dt,D,-1,-1,
GPCC_stage1_item_feature,save_stage1_mart,flow_10,10,output,wdp_bdp_db_dlk_l2_org,f13_svc_dd_user_tier_bhve_hst,,part_dt,D,0,0,
GPCC_stage1_item_feature,save_stage1_mart,flow_11,11,input,,,${ml_output_path}/athena/GPCC_LOG_PARSER/usr_cntn_hstr_ucp/,imp_dt,D,-1,-1,
GPCC_stage1_item_feature,save_stage1_mart,flow_11,11,output,wdp_bdp_db_dlk_l2_org,f13_svc_dd_user_type_bhve_hst,,part_dt,D,0,0,
GPCC_stage1_item_feature,save_stage1_mart,flow_12,12,input,,,${ml_output_path}/athena/GPCC_FT_FEATURE/cntn_mrch_spd/,part_dt,D,0,0,
GPCC_stage1_item_feature,save_stage1_mart,flow_12,12,output,wdp_bdp_db_dlk_l2_org,f13_cntn_mrch_spd_ft_v1,,part_dt,D,0,0,
GPCC_stage1_item_feature,save_stage1_mart,flow_13,13,input,,,${ml_output_path}/athena/GPCC_FT_FEATURE/item_features_ft_v1/,part_dt,D,0,0,
GPCC_stage1_item_feature,save_stage1_mart,flow_13,13,output,wdp_bdp_db_dlk_l2_org,f13_svc_dd_item_ftrs_ft_v1,,part_dt,D,0,0,
GPCC_stage2_select,save_targeting,flow_1,1,input,,,${ml_output_path}/athena/GPCC_SELECT/tgps_trgt/,part_dt,D,0,0,
GPCC_stage2_select,save_targeting,flow_1,1,output,wdp_bdp_db_dlk_l2_org,f13_svc_gpcc_tgps_trgt,,part_dt,D,0,0,
GPCC_stage2_select,save_cs_size,flow_1,1,input,,,${ml_output_path}/athena/GPCC_SELECT/cs_size/,part_dt,D,0,0,
GPCC_stage2_select,save_cs_size,flow_1,1,output,wdp_bdp_db_dlk_l2_org,f13_svc_gpcc_cs_size,,part_dt,D,0,0,
GPCC_stage2_select,load_user_features,flow_1,1,input,wdp_bdp_db_dlk_l2_msk_view,f13_svc_dd_user_bhve_info,,part_dt,D,-1,-1,
GPCC_stage2_select,load_user_features,flow_1,1,output,,,${ml_output_path}/athena/GPCC_SELECT/user_features/,part_dt,D,-1,-1,
GPCC_stage2_select,load_dv_features,flow_1,1,input,wdp_bdp_db_dlk_l2_msk_view,f13_svc_dd_dv_ftrs,,part_dt,D,0,0,
GPCC_stage2_select,load_dv_features,flow_1,1,output,,,${ml_output_path}/athena/GPCC_SELECT/dv_features/,part_dt,D,0,0,
GPCC_stage2_select,load_user_lgcn_embs,flow_1,1,input,wdp_bdp_db_dlk_l2_msk_view,f13_svc_dd_user_lgcn_emb,,part_dt,D,-3,0,
GPCC_stage2_select,load_user_lgcn_embs,flow_1,1,output,,,${ml_output_path}/athena/GPCC_SELECT/user_lgcn_embs/,part_dt,D,-3,0,
GPCC_stage2_select,load_item_meta,flow_1,1,input,wdp_bdp_db_dlk_l2_msk_view,f13_svc_dd_item_meta,,part_dt,D,-1,-1,
GPCC_stage2_select,load_item_meta,flow_1,1,output,,,${ml_output_path}/athena/GPCC_SELECT/item_meta/,part_dt,D,-1,-1,
GPCC_stage2_select,load_item_emb_feat,flow_1,1,input,wdp_bdp_db_dlk_l2_msk_view,f13_svc_dd_item_cntn_emb,,part_dt,D,-3,0,
GPCC_stage2_select,load_item_emb_feat,flow_1,1,output,,,${ml_output_path}/athena/GPCC_SELECT/item_emb_feat/,part_dt,D,-3,0,
GPCC_stage2_select,load_item_lgcn_embs,flow_1,1,input,wdp_bdp_db_dlk_l2_msk_view,f13_svc_dd_cntn_lgcn_emb,,part_dt,D,-3,0,
GPCC_stage2_select,load_item_lgcn_embs,flow_1,1,output,,,${ml_output_path}/athena/GPCC_SELECT/item_lgcn_embs/,part_dt,D,-3,0,
GPCC_stage2_select,task_prd_pl_inf_pl2mfl3101_v2,infer_cs_score,1,input,,,${ml_output_path}/athena/GPCC_SELECT/user_features,part_dt,D,-1,-1,
GPCC_stage2_select,task_prd_pl_inf_pl2mfl3101_v2,infer_cs_score,1,input,,,${ml_output_path}/athena/GPCC_SELECT/dv_features,part_dt,D,0,0,
GPCC_stage2_select,task_prd_pl_inf_pl2mfl3101_v2,infer_cs_score,1,input,,,${ml_output_path}/athena/GPCC_SELECT/user_lgcn_embs,part_dt,D,-3,0,
GPCC_stage2_select,task_prd_pl_inf_pl2mfl3101_v2,infer_cs_score,1,input,,,${ml_output_path}/athena/GPCC_SELECT/item_meta,part_dt,D,-1,-1,
GPCC_stage2_select,task_prd_pl_inf_pl2mfl3101_v2,infer_cs_score,1,input,,,${ml_output_path}/athena/GPCC_SELECT/item_emb_feat,part_dt,D,-3,0,
GPCC_stage2_select,task_prd_pl_inf_pl2mfl3101_v2,infer_cs_score,1,input,,,${ml_output_path}/athena/GPCC_SELECT/item_lgcn_embs,part_dt,D,-3,0,
GPCC_stage2_select,task_prd_pl_inf_pl2mfl3101_v2,infer_cs_score,1,output,,,${ml_output_path}/athena/GPCC_SELECT/cs_result,part_dt,D,0,0,
GPCC_stage2_select,task_prd_pl_inf_pl2mfl3101_v2,infer_cs_score,1,output,,,${ml_output_path}/athena/GPCC_SELECT/gpcc_trgt,part_dt,D,0,0,
GPCC_stage2_select,save_cs_result,flow_1,1,input,,,${ml_output_path}/athena/GPCC_SELECT/cs_result/,part_dt,D,0,0,
GPCC_stage2_select,save_cs_result,flow_1,1,output,wdp_bdp_db_dlk_l2_org,f13_svc_gpcc_cs_rslt,,part_dt,D,0,0,
GPCC_stage2_select,save_gpcc,flow_1,1,input,,,${ml_output_path}/athena/GPCC_SELECT/gpcc_trgt/,part_dt,D,0,0,
GPCC_stage2_select,save_gpcc,flow_1,1,output,wdp_bdp_db_dlk_l2_org,f13_svc_gpcc_trgt,,part_dt,D,0,0,
GPCC_stage3_interaction_feautre,load_interaction_feature,flow_1,1,input,wdp_bdp_db_dlk_l1_msk_view,mm_mrch_rsl,,part_dt,M,-5,1,
GPCC_stage3_interaction_feautre,load_interaction_feature,flow_1,1,output,,,${ml_output_path}/athena/GPCC_FT_FEATURE/uifeature_mm_mrch_rsl_date/,part_yrmn,M,-5,1,
GPCC_stage3_interaction_feautre,load_interaction_feature,flow_2,2,input,wdp_bdp_db_dlk_l1_msk_view,mm_ts_card_pchs,,part_dt,M,-5,1,
GPCC_stage3_interaction_feautre,load_interaction_feature,flow_2,2,output,,,${ml_output_path}/athena/GPCC_FT_FEATURE/uifeature_mm_ts_card_pchs_date/,part_yrmn,M,-5,1,
GPCC_stage3_interaction_feautre,load_interaction_feature,flow_3,3,input,wdp_bdp_db_dlk_l1_msk_view,mm_pld_use_rsl,,part_dt,M,-5,1,
GPCC_stage3_interaction_feautre,load_interaction_feature,flow_3,3,output,,,${ml_output_path}/athena/GPCC_FT_FEATURE/uifeature_mm_pld_use_rsl_date/,part_yrmn,M,-5,1,
GPCC_stage3_interaction_feautre,load_interaction_feature,flow_4,4,input,wdp_bdp_db_dlk_l1_msk_view,mm_ts_card_pchs,,part_dt,M,-5,1,
GPCC_stage3_interaction_feautre,load_interaction_feature,flow_4,4,output,,,${ml_output_path}/athena/GPCC_FT_FEATURE/uifeature_ts_card_pchs/,part_mt,M,-5,1,
GPCC_stage3_interaction_feautre,load_interaction_feature,flow_5,5,input,wdp_bdp_db_dlk_l2_msk_view,f13_cntn_mcno_all,,part_dt,D,0,0,
GPCC_stage3_interaction_feautre,load_interaction_feature,flow_5,5,output,,,${ml_output_path}/athena/GPCC_FT_FEATURE/uifeature_cntn_mcno_all/,part_mt,M,-6,-1,
GPCC_stage3_interaction_feautre,load_interaction_feature,flow_6,6,input,wdp_bdp_db_dlk_l2_msk_view,f13_cntn_mrch_spd_ft_v1,,part_dt,D,0,0,
GPCC_stage3_interaction_feautre,load_interaction_feature,flow_6,6,output,,,${ml_output_path}/athena/GPCC_FT_FEATURE/uifeature_cntn_mrch_spd/,part_dt,D,0,0,
GPCC_stage3_interaction_feautre,load_interaction_feature,flow_7,7,input,wdp_bdp_db_dlk_l2_msk_view,f13_svc_dd_user_bhve_info,,part_dt,D,-1,-1,
GPCC_stage3_interaction_feautre,load_interaction_feature,flow_7,7,output,,,${ml_output_path}/athena/GPCC_FT_FEATURE/uifeature_3rs_svc_bhve_mrt_v3/,imp_dt,D,-1,-1,
GPCC_stage3_interaction_feautre,load_interaction_feature,flow_8,8,input,wdp_bdp_db_dlk_l1_msk_view,pbm0007d,,prtt_dt,D,-1,-1,
GPCC_stage3_interaction_feautre,load_interaction_feature,flow_8,8,output,,,${ml_output_path}/athena/GPCC_FT_FEATURE/uifeature_csno/,part_dt,D,-1,-1,
GPCC_stage3_interaction_feautre,load_interaction_feature,flow_9,9,input,wdp_bdp_db_dlk_l2_msk_view,f13_svc_dd_rec_rslt,,imp_dt,D,-10,0,
GPCC_stage3_interaction_feautre,load_interaction_feature,flow_9,9,output,,,${ml_output_path}/athena/GPCC_FT_FEATURE/uifeature_rec_result/,part_dt,D,-10,0,
GPCC_stage3_interaction_feautre,load_interaction_feature,flow_10,10,input,wdp_bdp_db_dlk_l2_msk_view,f13_svc_dd_item_meta,,part_dt,D,-1,-1,
GPCC_stage3_interaction_feautre,load_interaction_feature,flow_10,10,output,,,${ml_output_path}/athena/GPCC_FT_FEATURE/uifeature_cntn/,part_dt,D,-1,-1,
GPCC_stage3_interaction_feautre,load_interaction_feature,flow_11,11,input,wdp_bdp_db_dlk_l2_msk_view,f13_svc_dd_user_bhve_hst,,part_dt,D,-90,-2,
GPCC_stage3_interaction_feautre,load_interaction_feature,flow_11,11,output,,,${ml_output_path}/athena/GPCC_FT_FEATURE/uifeature_usr_cntn_hstr_usr/,part_dt,D,-90,-2,
GPCC_stage3_interaction_feautre,load_interaction_feature,flow_12,12,input,wdp_bdp_db_dlk_l2_msk_view,f13_svc_dd_user_cntn_bhve_hst,,part_dt,D,-90,-2,
GPCC_stage3_interaction_feautre,load_interaction_feature,flow_12,12,output,,,${ml_output_path}/athena/GPCC_FT_FEATURE/uifeature_usr_cntn_hstr_uc/,part_dt,D,-90,-2,
GPCC_stage3_interaction_feautre,load_interaction_feature,flow_13,13,input,wdp_bdp_db_dlk_l2_msk_view,f13_svc_dd_user_arch_bhve_hst,,part_dt,D,-90,-2,
GPCC_stage3_interaction_feautre,load_interaction_feature,flow_13,13,output,,,${ml_output_path}/athena/GPCC_FT_FEATURE/uifeature_usr_cntn_hstr_ucm/,part_dt,D,-90,-2,
GPCC_stage3_interaction_feautre,load_interaction_feature,flow_14,14,input,wdp_bdp_db_dlk_l2_msk_view,f13_svc_dd_user_accb_bhve_hst,,part_dt,D,-90,-2,
GPCC_stage3_interaction_feautre,load_interaction_feature,flow_14,14,output,,,${ml_output_path}/athena/GPCC_FT_FEATURE/uifeature_usr_cntn_hstr_ucc/,part_dt,D,-90,-2,
GPCC_stage3_interaction_feautre,load_interaction_feature,flow_15,15,input,wdp_bdp_db_dlk_l2_msk_view,f13_svc_dd_user_tier_bhve_hst,,part_dt,D,-90,-2,
GPCC_stage3_interaction_feautre,load_interaction_feature,flow_15,15,output,,,${ml_output_path}/athena/GPCC_FT_FEATURE/uifeature_usr_cntn_hstr_uct/,part_dt,D,-90,-2,
GPCC_stage3_interaction_feautre,load_interaction_feature,flow_16,16,input,wdp_bdp_db_dlk_l2_msk_view,f13_svc_dd_user_type_bhve_hst,,part_dt,D,-90,-2,
GPCC_stage3_interaction_feautre,load_interaction_feature,flow_16,16,output,,,${ml_output_path}/athena/GPCC_FT_FEATURE/uifeature_usr_cntn_hstr_ucp/,part_dt,D,-90,-2,
GPCC_stage3_interaction_feautre,load_rec_target,flow_1,1,input,wdp_bdp_db_dlk_l2_msk_view,f13_svc_gpcc_trgt,,part_dt,D,0,0,
GPCC_stage3_interaction_feautre,load_rec_target,flow_1,1,output,,,${ml_output_path}/athena/GPCC_FT_FEATURE/ft_rec_trgt/,part_dt,D,0,0,
GPCC_stage3_interaction_feautre,FT_InteractionFeature,gen_csno_cntn_spd,1,input,,,${ml_output_path}/athena/GPCC_FT_FEATURE/uifeature_mm_mrch_rsl_date,part_yrmn,M,-5,1,
GPCC_stage3_interaction_feautre,FT_InteractionFeature,gen_csno_cntn_spd,1,input,,,${ml_output_path}/athena/GPCC_FT_FEATURE/uifeature_mm_ts_card_pchs_date,part_yrmn,M,-5,1,
GPCC_stage3_interaction_feautre,FT_InteractionFeature,gen_csno_cntn_spd,1,input,,,${ml_output_path}/athena/GPCC_FT_FEATURE/uifeature_mm_pld_use_rsl_date,part_yrmn,M,-5,1,
GPCC_stage3_interaction_feautre,FT_InteractionFeature,gen_csno_cntn_spd,1,input,,,${ml_output_path}/athena/GPCC_FT_FEATURE/uifeature_ts_card_pchs,part_mt,M,-5,1,
GPCC_stage3_interaction_feautre,FT_InteractionFeature,gen_csno_cntn_spd,1,input,,,${ml_output_path}/athena/GPCC_FT_FEATURE/uifeature_cntn_mcno_all,part_mt,M,-6,-1,
GPCC_stage3_interaction_feautre,FT_InteractionFeature,gen_csno_cntn_spd,1,input,,,${ml_output_path}/athena/GPCC_FT_FEATURE/ft_rec_trgt,part_dt,D,0,0,
GPCC_stage3_interaction_feautre,FT_InteractionFeature,gen_csno_cntn_spd,1,input,,,${ml_output_path}/athena/GPCC_FT_FEATURE/uifeature_cntn_mrch_spd,part_dt,D,0,0,
GPCC_stage3_interaction_feautre,FT_InteractionFeature,gen_csno_cntn_spd,1,output,,,${ml_output_path}/athena/GPCC_FT_FEATURE/usr_cntn_spd_ft_v1,part_dt,D,0,0,
GPCC_stage3_interaction_feautre,FT_InteractionFeature,gen_user_item_feature,2,input,,,${ml_output_path}/athena/GPCC_ITEM_META/camp_meta,part_dt,D,0,0,
GPCC_stage3_interaction_feautre,FT_InteractionFeature,gen_user_item_feature,2,input,,,${ml_output_path}/athena/GPCC_FT_FEATURE/uifeature_3rs_svc_bhve_mrt_v3,imp_dt,D,-1,-1,
GPCC_stage3_interaction_feautre,FT_InteractionFeature,gen_user_item_feature,2,input,,,${ml_output_path}/athena/GPCC_FT_FEATURE/uifeature_csno,part_dt,D,-1,-1,
GPCC_stage3_interaction_feautre,FT_InteractionFeature,gen_user_item_feature,2,input,,,${ml_output_path}/athena/GPCC_FT_FEATURE/uifeature_rec_result,part_dt,D,-10,0,
GPCC_stage3_interaction_feautre,FT_InteractionFeature,gen_user_item_feature,2,input,,,${ml_output_path}/athena/GPCC_FT_FEATURE/uifeature_cntn,part_dt,D,-1,-1,
GPCC_stage3_interaction_feautre,FT_InteractionFeature,gen_user_item_feature,2,input,,,${ml_output_path}/athena/GPCC_FT_FEATURE/ft_rec_trgt,part_dt,D,0,0,
GPCC_stage3_interaction_feautre,FT_InteractionFeature,gen_user_item_feature,2,input,,,${ml_output_path}/athena/GPCC_FT_FEATURE/usr_cntn_spd_ft_v1,part_dt,D,0,0,
GPCC_stage3_interaction_feautre,FT_InteractionFeature,gen_user_item_feature,2,input,,,${ml_output_path}/athena/GPCC_FT_FEATURE/uifeature_usr_cntn_hstr_usr,part_dt,D,-90,-2,
GPCC_stage3_interaction_feautre,FT_InteractionFeature,gen_user_item_feature,2,input,,,${ml_output_path}/athena/GPCC_FT_FEATURE/uifeature_usr_cntn_hstr_uc,part_dt,D,-90,-2,
GPCC_stage3_interaction_feautre,FT_InteractionFeature,gen_user_item_feature,2,input,,,${ml_output_path}/athena/GPCC_FT_FEATURE/uifeature_usr_cntn_hstr_ucm,part_dt,D,-90,-2,
GPCC_stage3_interaction_feautre,FT_InteractionFeature,gen_user_item_feature,2,input,,,${ml_output_path}/athena/GPCC_FT_FEATURE/uifeature_usr_cntn_hstr_ucc,part_dt,D,-90,-2,
GPCC_stage3_interaction_feautre,FT_InteractionFeature,gen_user_item_feature,2,input,,,${ml_output_path}/athena/GPCC_FT_FEATURE/uifeature_usr_cntn_hstr_uct,part_dt,D,-90,-2,
GPCC_stage3_interaction_feautre,FT_InteractionFeature,gen_user_item_feature,2,input,,,${ml_output_path}/athena/GPCC_FT_FEATURE/uifeature_usr_cntn_hstr_ucp,part_dt,D,-90,-2,
GPCC_stage3_interaction_feautre,FT_InteractionFeature,gen_user_item_feature,2,output,,,${ml_output_path}/athena/GPCC_FT_FEATURE/inter_target_ft_v1,part_dt,D,0,0,
GPCC_stage3_interaction_feautre,FT_InteractionFeature,gen_user_item_feature,2,output,,,${ml_output_path}/athena/GPCC_FT_FEATURE/cntn_usr_ft_v1,part_dt,D,0,0,
GPCC_stage3_interaction_feautre,FT_InteractionFeature,gen_user_item_feature,2,output,,,${ml_output_path}/athena/GPCC_FT_FEATURE/df_dt_ft_v1,part_dt,D,0,0,
GPCC_stage3_interaction_feautre,FT_InteractionFeature,gen_user_item_feature,2,output,,,${ml_output_path}/athena/GPCC_FT_FEATURE/inter_features_ft_v1,part_dt,D,0,0,
GPCC_stage3_interaction_feautre,save_inter_feature,flow_1,1,input,,,${ml_output_path}/athena/GPCC_FT_FEATURE/ft_rec_trgt/,part_dt,D,0,0,
GPCC_stage3_interaction_feautre,save_inter_feature,flow_1,1,output,wdp_bdp_db_dlk_l2_org,f13_svc_dd_rec_trgt_ft_v1,,part_dt,D,0,0,
GPCC_stage3_interaction_feautre,save_inter_feature,flow_2,2,input,,,${ml_output_path}/athena/GPCC_FT_FEATURE/inter_features_ft_v1/,part_dt,D,0,0,
GPCC_stage3_interaction_feautre,save_inter_feature,flow_2,2,output,wdp_bdp_db_dlk_l2_org,f13_svc_dd_intr_ftrs_ft_v1,,part_dt,D,0,0,
GPCC_stage3_interaction_feautre,unload_shared_ft_features,flow_1,1,input,wdp_bdp_db_dlk_l2_org,f13_svc_dd_rec_trgt_ft_v1,,part_dt,D,0,0,
GPCC_stage3_interaction_feautre,unload_shared_ft_features,flow_1,1,output,,,${ml_output_path}/shared/GPCC/f13_cntn_tgps_bsis/,part_dttm,D,0,0,
GPCC_stage3_interaction_feautre,unload_shared_ft_features,flow_2,2,input,wdp_bdp_db_dlk_l2_org,f13_svc_dd_item_ftrs_ft_v1,,part_dt,D,0,0,
GPCC_stage3_interaction_feautre,unload_shared_ft_features,flow_2,2,output,,,${ml_output_path}/shared/GPCC/f13_cntn_info/,part_dttm,D,0,0,
GPCC_stage3_interaction_feautre,unload_shared_ft_features,flow_3,3,input,wdp_bdp_db_dlk_l2_org,f13_svc_dd_intr_ftrs_ft_v1,,part_dt,D,0,0,
GPCC_stage3_interaction_feautre,unload_shared_ft_features,flow_3,3,output,,,${ml_output_path}/shared/GPCC/f13_cust_bhve_info/,part_dttm,D,0,0,
GPCC_stage3_interaction_feautre,trigger_gv_tgps_bsis,flow_1,1,input,wdp_bdp_db_dlk_l2_org,f13_svc_dd_rec_trgt_ft_v1,,part_dt,D,0,0,
GPCC_stage3_interaction_feautre,trigger_gv_cntn_info,flow_1,1,input,wdp_bdp_db_dlk_l2_org,f13_svc_dd_item_ftrs_ft_v1,,part_dt,D,0,0,
GPCC_stage3_interaction_feautre,trigger_gv_cust_bhve_info,flow_1,1,input,wdp_bdp_db_dlk_l2_org,f13_svc_dd_intr_ftrs_ft_v1,,part_dt,D,0,0,
GPCC_stage4_post_proc,load_rec_result,flow_1,1,input,wdp_bdp_db_dlk_l2_msk_view,f13_svc_gpcc_trgt,,part_dt,D,0,0,
GPCC_stage4_post_proc,load_rec_result,flow_1,1,output,,,${ml_output_path}/athena/GPCC_POSTPROC/rec_trgt/,part_dt,D,0,0,
GPCC_stage4_post_proc,load_rec_result,flow_2,2,input,wdp_bdp_db_dlk_l2_msk_view,ft_svc_f13_rec_result,,part_dt,D,0,0,
GPCC_stage4_post_proc,load_rec_result,flow_2,2,output,,,${ml_output_path}/athena/GPCC_POSTPROC/ft_raw_result/,part_dt,D,0,0,
GPCC_stage4_post_proc,load_rec_result,flow_3,3,input,wdp_bdp_db_dlk_l2_msk_view,f13_camp_bsis,,,,,,
GPCC_stage4_post_proc,load_rec_result,flow_3,3,input,wdp_bdp_db_dlk_l2_msk_view,f13_camp_sbp_info,,,,,,
GPCC_stage4_post_proc,load_rec_result,flow_3,3,output,,,${ml_output_path}/athena/GPCC_POSTPROC/applied_contents/,part_dt,,,,
GPCC_stage4_post_proc,load_rec_result,flow_4,4,input,wdp_bdp_db_dlk_l2_msk_view,f13_camp_bsis,,,,,,
GPCC_stage4_post_proc,load_rec_result,flow_4,4,output,,,${ml_output_path}/athena/GPCC_POSTPROC/applied_contents_type/,part_dt,D,-1,-1,
GPCC_stage4_post_proc,RecResult,add_business_logic,1,input,,,${ml_output_path}/athena/GPCC_POSTPROC/applied_contents_type,part_dt,D,-1,-1,
GPCC_stage4_post_proc,RecResult,add_business_logic,1,input,,,${ml_output_path}/athena/GPCC_POSTPROC/rec_trgt,part_dt,D,0,0,
GPCC_stage4_post_proc,RecResult,add_business_logic,1,input,,,${ml_output_path}/athena/GPCC_POSTPROC/applied_contents,part_dt,,,,
GPCC_stage4_post_proc,RecResult,add_business_logic,1,input,,,${ml_output_path}/athena/GPCC_POSTPROC/ft_raw_result,part_dt,D,0,0,
GPCC_stage4_post_proc,RecResult,add_business_logic,1,input,,,${ml_output_path}/athena/GPCC_ITEM_FEATURE/cntn_mcno_main,part_dt,D,0,0,
GPCC_stage4_post_proc,RecResult,add_business_logic,1,output,,,${ml_output_path}/athena/GPCC_POSTPROC/modified_results,part_dt,,,,
GPCC_stage4_post_proc,RecResult,add_applied_cntn,2,input,,,${ml_output_path}/athena/GPCC_POSTPROC/modified_results,part_dt,,,,
GPCC_stage4_post_proc,RecResult,add_applied_cntn,2,input,,,${ml_output_path}/athena/GPCC_POSTPROC/rec_trgt,part_dt,D,0,0,
GPCC_stage4_post_proc,RecResult,add_applied_cntn,2,input,,,${ml_output_path}/athena/GPCC_POSTPROC/ft_raw_result,part_dt,D,0,0,
GPCC_stage4_post_proc,RecResult,add_applied_cntn,2,input,,,${ml_output_path}/athena/GPCC_POSTPROC/applied_contents,part_dt,,,,
GPCC_stage4_post_proc,RecResult,add_applied_cntn,2,output,,,${ml_output_path}/athena/GPCC_POSTPROC/rec_result_a,part_dt,D,0,0,
GPCC_stage4_post_proc,save_rec_result,flow_1,1,input,,,${ml_output_path}/athena/GPCC_FT_FEATURE/rec_result_a/,part_dt,D,0,0,
GPCC_stage4_post_proc,save_rec_result,flow_1,1,output,wdp_bdp_db_dlk_l2_org,f13_svc_dd_rec_rslt,,part_dt,D,0,0,
GPCC_stage4_post_proc,check_dd_rec_result,flow_1,1,input,wdp_bdp_db_dlk_l2_org,f13_svc_dd_rec_rslt,,part_dt,D,0,0,
GPCC_train,load_user_features_inf,flow_1,1,input,wdp_bdp_db_dlk_l2_msk_view,f13_svc_dd_user_bhve_info,,part_dt,D,-1,-1,
GPCC_train,load_user_features_inf,flow_1,1,output,,,${ml_output_path}/athena/GPCC_TRAIN/user_features_inf/,part_dt,D,-1,-1,
GPCC_train,load_user_features,flow_1,1,input,wdp_bdp_db_dlk_l2_msk_view,f13_svc_dd_user_bhve_hst,,part_dt,D,-90,-2,
GPCC_train,load_user_features,flow_1,1,output,,,${ml_output_path}/athena/GPCC_TRAIN/user_features/,part_dt,D,-90,-2,
GPCC_train,load_item_emb_feat,flow_1,1,input,wdp_bdp_db_dlk_l2_msk_view,f13_svc_dd_item_ftrs_ft_v1,,part_dt,D,0,0,
GPCC_train,load_item_emb_feat,flow_1,1,output,,,${ml_output_path}/athena/GPCC_TRAIN/item_emb_feat/,part_dt,D,0,0,
GPCC_train,load_item_meta,flow_1,1,input,wdp_bdp_db_dlk_l2_msk_view,f13_svc_dd_item_meta,,part_dt,D,-1,-1,
GPCC_train,load_item_meta,flow_1,1,output,,,${ml_output_path}/athena/GPCC_TRAIN/item_meta/,part_dt,D,-1,-1,
GPCC_train,load_interaction,flow_1,1,input,wdp_bdp_db_dlk_l2_msk_view,f13_svc_dd_intr_ftrs_ft_v1,,part_dt,D,-30,-1,
GPCC_train,load_interaction,flow_1,1,output,,,${ml_output_path}/athena/GPCC_TRAIN/interaction/,part_dt,D,-30,-1,
GPCC_train,task_prd_pl_trn_pl2mfl3101_v2,train_lgcn,1,input,,,${ml_output_path}/athena/GPCC_TRAIN/user_features_inf,part_dt,D,-1,-1,
GPCC_train,task_prd_pl_trn_pl2mfl3101_v2,train_lgcn,1,input,,,${ml_output_path}/athena/GPCC_TRAIN/user_features,part_dt,D,-90,-2,
GPCC_train,task_prd_pl_trn_pl2mfl3101_v2,train_lgcn,1,input,,,${ml_output_path}/athena/GPCC_TRAIN/item_emb_feat,part_dt,D,0,0,
GPCC_train,task_prd_pl_trn_pl2mfl3101_v2,train_lgcn,1,input,,,${ml_output_path}/athena/GPCC_TRAIN/item_meta,part_dt,D,-1,-1,
GPCC_train,task_prd_pl_trn_pl2mfl3101_v2,train_lgcn,1,input,,,${ml_output_path}/athena/GPCC_TRAIN/interaction,part_dt,D,-30,-1,
GPCC_train,task_prd_pl_trn_pl2mfl3101_v2,train_lgcn,1,output,,,${ml_output_path}/athena/GPCC_TRAIN/cntn_lgcn_emb,part_dt,D,0,0,
GPCC_train,task_prd_pl_trn_pl2mfl3101_v2,train_lgcn,1,output,,,${ml_output_path}/athena/GPCC_TRAIN/item_cntn_emb,part_dt,D,0,0,
GPCC_train,task_prd_pl_trn_pl2mfl3101_v2,train_lgcn,1,output,,,${ml_output_path}/athena/GPCC_TRAIN/user_lgcn_emb,part_dt,D,0,0,
GPCC_train,task_prd_pl_trn_pl2mfl3101_v2,train_lgcn,1,output,,,${ml_output_path}/athena/GPCC_TRAIN/train_date,part_dt,D,0,0,
GPCC_train,task_prd_pl_trn_pl2mfl3101_v2,train_lgcn,1,output,,,${ml_output_path}/athena/GPCC_TRAIN/train_result,part_dt,D,0,0,
GPCC_train,save_cntn_lgcn_emb,flow_1,1,input,,,${ml_output_path}/athena/GPCC_TRAIN/cntn_lgcn_emb/,part_dt,D,0,0,
GPCC_train,save_cntn_lgcn_emb,flow_1,1,output,wdp_bdp_db_dlk_l2_org,f13_svc_dd_cntn_lgcn_emb,,part_dt,D,0,0,
GPCC_train,save_item_cntn_emb,flow_1,1,input,,,${ml_output_path}/athena/GPCC_TRAIN/item_cntn_emb/,part_dt,D,0,0,
GPCC_train,save_item_cntn_emb,flow_1,1,output,wdp_bdp_db_dlk_l2_org,f13_svc_dd_item_cntn_emb,,part_dt,D,0,0,
GPCC_train,save_user_lgcn_emb,flow_1,1,input,,,${ml_output_path}/athena/GPCC_TRAIN/user_lgcn_emb/,part_dt,D,0,0,
GPCC_train,save_user_lgcn_emb,flow_1,1,output,wdp_bdp_db_dlk_l2_org,f13_svc_dd_user_lgcn_emb,,part_dt,D,0,0,
GPCC_train,save_train_date,flow_1,1,input,,,${ml_output_path}/athena/GPCC_TRAIN/train_date/,part_dt,D,0,0,
GPCC_train,save_train_date,flow_1,1,output,wdp_bdp_db_dlk_l2_org,f13_svc_dd_train_date,,part_dt,D,0,0,
duplicate_ft_result_check,check_duplicate,flow_1,1,input,wdp_bdp_db_dlk_l2_msk_view,ft_svc_f13_rec_result,,part_dt,D,0,0,
gpcc_dd_transfer,transfer_table,flow_1,1,input,wdp_bdp_db_dlk_l2_org,f13_svc_dd_rec_rslt,,part_dt,D,0,0,
gpcc_dd_transfer,transfer_table,flow_1,1,output,wdp_bdp_db_dlk_l2_org,oo3f_rec_bnft_rslt,,part_dt,D,0,0,
gpcc_dd_transfer,unload_oo3f_rec_benefit_result,flow_1,1,input,wdp_bdp_db_dlk_l2_org,oo3f_rec_bnft_rslt,,part_dt,D,0,0,
gpcc_dd_transfer,unload_oo3f_rec_benefit_result,flow_1,1,output,,,${ml_output_path}/athena/GPCC_DD_TRANSFER/oo3f_rec_bnft_rslt/,part_dt,D,0,0,
gpcc_dd_transfer,sink_cms_transfer,flow_1,1,input,,,${ml_output_path}/athena/GPCC_DD_TRANSFER/oo3f_rec_bnft_rslt/,part_dt,D,0,0,
gpcc_dq_mail,unload_dq_candidate,flow_1,1,input,wdp_bdp_db_dlk_l2_msk_view,f13_camp_bsis,,,,,,
gpcc_dq_mail,unload_dq_candidate,flow_1,1,output,,,${ml_output_path}/athena/GPCC_DQ_check/valid_cnt/,part_dt,D,0,0,
gpcc_dq_mail,unload_dq_candidate,flow_2,2,input,wdp_bdp_db_dlk_l2_msk_view,f13_svc_gpcc_trgt,,part_dt,D,0,0,
gpcc_dq_mail,unload_dq_candidate,flow_2,2,output,,,${ml_output_path}/athena/GPCC_DQ_check/total_summary/,part_dt,D,0,0,
gpcc_dq_mail,unload_dq_check,flow_1,1,input,wdp_bdp_db_dlk_l2_msk_view,f13_camp_bsis,,,,,,
gpcc_dq_mail,unload_dq_check,flow_1,1,output,,,${ml_output_path}/athena/GPCC_DQ_check/dq_camp_meta/,part_dt,D,0,0,
gpcc_dq_mail,unload_dq_check,flow_2,2,input,wdp_bdp_db_dlk_l2_msk_view,f13_camp_extr_tgps_bsis_utn,,part_dt,D,0,0,
gpcc_dq_mail,unload_dq_check,flow_2,2,output,,,${ml_output_path}/athena/GPCC_DQ_check/dq_camp_tgps_info/,part_dt,D,0,0,
gpcc_dq_mail,unload_dq_check,flow_3,3,input,wdp_bdp_db_dlk_l2_org,f13_svc_dd_rec_trgt_ft_v1,,part_dt,D,0,0,
gpcc_dq_mail,unload_dq_check,flow_3,3,output,,,${ml_output_path}/athena/GPCC_DQ_check/dq_rec_target/,part_dt,D,0,0,
gpcc_dq_mail,unload_dq_check,flow_4,4,input,wdp_bdp_db_dlk_l2_msk_view,ft_svc_f13_rec_result,,part_dt,D,0,0,
gpcc_dq_mail,unload_dq_check,flow_4,4,output,,,${ml_output_path}/athena/GPCC_DQ_check/dq_ft_rec_score/,part_dt,D,0,0,
gpcc_dq_mail,unload_dq_check,flow_5,5,input,wdp_bdp_db_dlk_l2_org,oo3f_rec_bnft_rslt,,part_dt,D,0,0,
gpcc_dq_mail,unload_dq_check,flow_5,5,output,,,${ml_output_path}/athena/GPCC_DQ_check/dq_rec_result_p/,part_dt,D,0,0,
gpcc_dq_mail,unload_dq_check,flow_6,6,input,wdp_bdp_db_dlk_l2_msk_view,f13_camp_bsis,,,,,,
gpcc_dq_mail,unload_dq_check,flow_6,6,input,wdp_bdp_db_dlk_l2_msk_view,f13_camp_arch_cond_cd,,,,,,
gpcc_dq_mail,unload_dq_check,flow_6,6,input,wdp_bdp_db_dlk_l2_msk_view,f13_svc_dd_item_meta,,part_dt,D,0,0,
gpcc_dq_mail,unload_dq_check,flow_6,6,input,wdp_bdp_db_dlk_l2_org,oo3f_rec_bnft_rslt,,part_dt,D,0,0,
gpcc_dq_mail,unload_dq_check,flow_6,6,output,,,${ml_output_path}/athena/GPCC_DQ_check/dq_rec_result_p_w_info/,part_dt,D,0,0,
gpcc_dq_mail,unload_dq_check,flow_7,7,input,wdp_bdp_db_dlk_l2_msk_view,f13_camp_bsis,,,,,,
gpcc_dq_mail,unload_dq_check,flow_7,7,input,wdp_bdp_db_dlk_l2_msk_view,f13_camp_arch_cond_cd,,,,,,
gpcc_dq_mail,unload_dq_check,flow_7,7,output,,,${ml_output_path}/athena/GPCC_DQ_check/dq_camp_meta_w_arch_cond/,part_dt,D,0,0,
gpcc_dq_mail,unload_dq_check,flow_8,8,input,wdp_bdp_db_dlk_l2_msk_view,f13_svc_dd_item_meta,,part_dt,D,0,0,
gpcc_dq_mail,unload_dq_check,flow_8,8,output,,,${ml_output_path}/athena/GPCC_DQ_check/df_item_meta/,part_dt,D,0,0,
gpcc_dq_mail,unload_dq_check,flow_9,9,input,wdp_bdp_db_dlk_l2_msk_view,f13_svc_dd_item_meta_v2,,part_dt,D,0,0,
gpcc_dq_mail,unload_dq_check,flow_9,9,output,,,${ml_output_path}/athena/GPCC_DQ_check/df_item_meta_v2/,part_dt,D,0,0,
gpcc_dq_mail,unload_dq_check,flow_10,10,input,wdp_bdp_db_dlk_l2_msk_view,f13_camp_bsis,,,,,,
gpcc_dq_mail,unload_dq_check,flow_10,10,input,wdp_bdp_db_dlk_l2_msk_view,f13_camp_arch_cond_cd,,,,,,
gpcc_dq_mail,unload_dq_check,flow_10,10,output,,,${ml_output_path}/athena/GPCC_DQ_check/dq_defence_logic/,part_dt,D,0,0,
gpcc_dq_mail,DQcheck,gen_dq_summary,1,input,,,${ml_output_path}/athena/GPCC_DQ_check/valid_cnt,part_dt,D,0,0,
gpcc_dq_mail,DQcheck,gen_dq_summary,1,input,,,${ml_output_path}/athena/GPCC_DQ_check/total_summary,part_dt,D,0,0,
gpcc_dq_mail,DQcheck,gen_dq_summary,1,input,,,${ml_output_path}/athena/GPCC_DQ_check/dq_camp_meta,part_dt,D,0,0,
gpcc_dq_mail,DQcheck,gen_dq_summary,1,input,,,${ml_output_path}/athena/GPCC_DQ_check/dq_camp_tgps_info,part_dt,D,0,0,
gpcc_dq_mail,DQcheck,gen_dq_summary,1,input,,,${ml_output_path}/athena/GPCC_DQ_check/dq_rec_target,part_dt,D,0,0,
gpcc_dq_mail,DQcheck,gen_dq_summary,1,input,,,${ml_output_path}/athena/GPCC_DQ_check/dq_ft_rec_score,part_dt,D,0,0,
gpcc_dq_mail,DQcheck,gen_dq_summary,1,input,,,${ml_output_path}/athena/GPCC_DQ_check/dq_rec_result_p,part_dt,D,0,0,
gpcc_dq_mail,DQcheck,gen_dq_summary,1,input,,,${ml_output_path}/athena/GPCC_DQ_check/dq_rec_result_p_w_info,part_dt,D,0,0,
gpcc_dq_mail,DQcheck,gen_dq_summary,1,input,,,${ml_output_path}/athena/GPCC_DQ_check/dq_camp_meta_w_arch_cond,part_dt,D,0,0,
gpcc_dq_mail,DQcheck,gen_dq_summary,1,input,,,${ml_output_path}/athena/GPCC_DQ_check/df_item_meta,part_dt,D,0,0,
gpcc_dq_mail,DQcheck,gen_dq_summary,1,input,,,${ml_output_path}/athena/GPCC_DQ_check/df_item_meta_v2,part_dt,D,0,0,
gpcc_dq_mail,DQcheck,gen_dq_summary,1,input,,,${ml_output_path}/athena/GPCC_DQ_check/dq_defence_logic,part_dt,D,0,0,
gpcc_dq_mail,DQcheck,gen_dq_summary,1,output,,,${ml_output_path}/athena/GPCC_DQ_check/cs_result_summary,part_dt,D,0,0,
gpcc_dq_mail,DQcheck,gen_dq_summary,1,output,,,${ml_output_path}/athena/GPCC_DQ_check/target_result_summary,part_dt,D,0,0,
gpcc_dq_mail,DQcheck,gen_dq_summary,1,output,,,${ml_output_path}/athena/GPCC_DQ_check/cs_total_summary,part_dt,D,0,0,
gpcc_dq_mail,DQcheck,gen_dq_summary,1,output,,,${ml_output_path}/athena/GPCC_DQ_check/res_camp_meta,part_dt,D,0,0,
gpcc_dq_mail,DQcheck,gen_dq_summary,1,output,,,${ml_output_path}/athena/GPCC_DQ_check/res_target,part_dt,D,0,0,
gpcc_dq_mail,DQcheck,gen_dq_summary,1,output,,,${ml_output_path}/athena/GPCC_DQ_check/res_targetFT,part_dt,D,0,0,
gpcc_dq_mail,DQcheck,gen_dq_summary,1,output,,,${ml_output_path}/athena/GPCC_DQ_check/res_recScore,part_dt,D,0,0,
gpcc_dq_mail,DQcheck,gen_dq_summary,1,output,,,${ml_output_path}/athena/GPCC_DQ_check/rec_result_summary,part_dt,D,0,0,
gpcc_dq_mail,DQcheck,gen_dq_summary,1,output,,,${ml_output_path}/athena/GPCC_DQ_check/dup_cntn_summary,part_dt,D,0,0,
gpcc_dq_mail,DQcheck,gen_dq_summary,1,output,,,${ml_output_path}/athena/GPCC_DQ_check/dup_camp_summary,part_dt,D,0,0,
gpcc_dq_mail,DQcheck,gen_dq_summary,1,output,,,${ml_output_path}/athena/GPCC_DQ_check/dup_contents_summary,part_dt,D,0,0,
gpcc_dq_mail,DQcheck,gen_dq_summary,1,output,,,${ml_output_path}/athena/GPCC_DQ_check/mx_contents_check,part_dt,D,0,0,
gpcc_dq_mail,DQcheck,gen_dq_summary,1,output,,,${ml_output_path}/athena/GPCC_DQ_check/null_cntn_list,part_dt,D,0,0,
gpcc_dq_mail,save_dq_summary,flow_1,1,input,,,${ml_output_path}/athena/GPCC_DQ_check/cs_result_summary/,part_dt,D,0,0,
gpcc_dq_mail,save_dq_summary,flow_1,1,output,wdp_bdp_db_dlk_l2_org,cs_result_summary,,part_dt,D,0,0,
gpcc_dq_mail,save_dq_summary,flow_2,2,input,,,${ml_output_path}/athena/GPCC_DQ_check/target_result_summary/,part_dt,D,0,0,
gpcc_dq_mail,save_dq_summary,flow_2,2,output,wdp_bdp_db_dlk_l2_org,target_result_summary,,part_dt,D,0,0,
gpcc_dq_mail,save_dq_summary,flow_3,3,input,,,${ml_output_path}/athena/GPCC_DQ_check/cs_total_summary/,part_dt,D,0,0,
gpcc_dq_mail,save_dq_summary,flow_3,3,output,wdp_bdp_db_dlk_l2_org,cs_total_summary,,part_dt,D,0,0,
gpcc_dq_mail,save_dq_summary,flow_4,4,input,,,${ml_output_path}/athena/GPCC_DQ_check/res_camp_meta/,part_dt,D,0,0,
gpcc_dq_mail,save_dq_summary,flow_4,4,output,wdp_bdp_db_dlk_l2_org,res_camp_meta,,part_dt,D,0,0,
gpcc_dq_mail,save_dq_summary,flow_5,5,input,,,${ml_output_path}/athena/GPCC_DQ_check/res_target/,part_dt,D,0,0,
gpcc_dq_mail,save_dq_summary,flow_5,5,output,wdp_bdp_db_dlk_l2_org,res_target,,part_dt,D,0,0,
gpcc_dq_mail,save_dq_summary,flow_6,6,input,,,${ml_output_path}/athena/GPCC_DQ_check/res_targetFT/,part_dt,D,0,0,
gpcc_dq_mail,save_dq_summary,flow_6,6,output,wdp_bdp_db_dlk_l2_org,res_targetFT,,part_dt,D,0,0,
gpcc_dq_mail,save_dq_summary,flow_7,7,input,,,${ml_output_path}/athena/GPCC_DQ_check/res_recScore/,part_dt,D,0,0,
gpcc_dq_mail,save_dq_summary,flow_7,7,output,wdp_bdp_db_dlk_l2_org,res_recScore,,part_dt,D,0,0,
gpcc_dq_mail,save_dq_summary,flow_8,8,input,,,${ml_output_path}/athena/GPCC_DQ_check/rec_result_summary/,part_dt,D,0,0,
gpcc_dq_mail,save_dq_summary,flow_8,8,output,wdp_bdp_db_dlk_l2_org,rec_result_summary,,part_dt,D,0,0,
gpcc_dq_mail,save_dq_summary,flow_9,9,input,,,${ml_output_path}/athena/GPCC_DQ_check/dup_cntn_summary/,part_dt,D,0,0,
gpcc_dq_mail,save_dq_summary,flow_9,9,output,wdp_bdp_db_dlk_l2_org,dup_cntn_summary,,part_dt,D,0,0,
gpcc_dq_mail,save_dq_summary,flow_10,10,input,,,${ml_output_path}/athena/GPCC_DQ_check/dup_camp_summary/,part_dt,D,0,0,
gpcc_dq_mail,save_dq_summary,flow_10,10,output,wdp_bdp_db_dlk_l2_org,dup_camp_summary,,part_dt,D,0,0,
gpcc_dq_mail,save_dq_summary,flow_11,11,input,,,${ml_output_path}/athena/GPCC_DQ_check/dup_contents_summary/,part_dt,D,0,0,
gpcc_dq_mail,save_dq_summary,flow_11,11,output,wdp_bdp_db_dlk_l2_org,dup_contents_summary,,part_dt,D,0,0,
gpcc_dq_mail,save_dq_summary,flow_12,12,input,,,${ml_output_path}/athena/GPCC_DQ_check/mx_contents_check/,part_dt,D,0,0,
gpcc_dq_mail,save_dq_summary,flow_12,12,output,wdp_bdp_db_dlk_l2_org,mx_contents_check,,part_dt,D,0,0,
gpcc_dq_mail,save_dq_summary,flow_13,13,input,,,${ml_output_path}/athena/GPCC_DQ_check/null_cntn_list/,part_dt,D,0,0,
gpcc_dq_mail,save_dq_summary,flow_13,13,output,wdp_bdp_db_dlk_l2_org,null_cntn_list,,part_dt,D,0,0,
gpcc_mark_success,check_mark_success,flow_1,1,input,wdp_bdp_db_dlk_l2_org,f13_svc_dd_rec_rslt,,part_dt,D,0,0,
gpcc_mark_success,check_mark_success,flow_1,1,output,wdp_bdp_db_dlk_l2_org,f13_svc_dd_mark_success,,part_dt,D,0,0,
gpcc_select_dq_mail,save_input_summary,flow_1,1,input,,,${ml_output_path}/athena/GPCC_DQ_SELECT/input_summary/,part_dt,D,0,0,
gpcc_select_dq_mail,save_input_summary,flow_1,1,output,wdp_bdp_db_dlk_l2_org,select_input_summary,,part_dt,D,0,0,
gpcc_select_dq_mail,save_select_wf,flow_1,1,input,,,${ml_output_path}/athena/GPCC_DQ_SELECT/select_wf/,part_dt,D,0,0,
gpcc_select_dq_mail,save_select_wf,flow_1,1,output,wdp_bdp_db_dlk_l2_org,select_wf_summary,,part_dt,D,0,0,
gpcc_svc_sg,load_svc_table_dup,flow_1,1,input,wdp_bdp_db_dlk_l2_msk_view,f13_svc_dd_item_meta,,part_dt,D,0,0,
gpcc_svc_sg,load_svc_table_dup,flow_1,1,output,,,${ml_output_path}/athena/SG_TableDuplicator/item_meta/,part_dt,D,0,0,
gpcc_svc_sg,load_svc_table_dup,flow_2,2,input,wdp_bdp_db_dlk_l2_msk_view,f13_svc_dd_user_bhve_hst,,part_dt,D,0,0,
gpcc_svc_sg,load_svc_table_dup,flow_2,2,output,,,${ml_output_path}/athena/SG_TableDuplicator/usr_log/,part_dt,D,0,0,
gpcc_svc_sg,load_svc_table_dup,flow_3,3,input,wdp_bdp_db_dlk_l2_msk_view,f13_svc_dd_user_cntn_bhve_hst,,part_dt,D,0,0,
gpcc_svc_sg,load_svc_table_dup,flow_3,3,output,,,${ml_output_path}/athena/SG_TableDuplicator/uc_log/,part_dt,D,0,0,
gpcc_svc_sg,load_svc_table_dup,flow_4,4,input,wdp_bdp_db_dlk_l2_msk_view,f13_svc_dd_user_arch_bhve_hst,,part_dt,D,0,0,
gpcc_svc_sg,load_svc_table_dup,flow_4,4,output,,,${ml_output_path}/athena/SG_TableDuplicator/ucm_log/,part_dt,D,0,0,
gpcc_svc_sg,load_svc_table_dup,flow_5,5,input,wdp_bdp_db_dlk_l2_msk_view,f13_svc_dd_user_accb_bhve_hst,,part_dt,D,0,0,
gpcc_svc_sg,load_svc_table_dup,flow_5,5,output,,,${ml_output_path}/athena/SG_TableDuplicator/ucc_log/,part_dt,D,0,0,
gpcc_svc_sg,load_svc_table_dup,flow_6,6,input,wdp_bdp_db_dlk_l2_msk_view,f13_svc_dd_user_tier_bhve_hst,,part_dt,D,0,0,
gpcc_svc_sg,load_svc_table_dup,flow_6,6,output,,,${ml_output_path}/athena/SG_TableDuplicator/ust_log/,part_dt,D,0,0,
gpcc_svc_sg,load_svc_table_dup,flow_7,7,input,wdp_bdp_db_dlk_l2_msk_view,f13_svc_dd_user_type_bhve_hst,,part_dt,D,0,0,
gpcc_svc_sg,load_svc_table_dup,flow_7,7,output,,,${ml_output_path}/athena/SG_TableDuplicator/usp_log/,part_dt,D,0,0,
gpcc_svc_sg,load_svc_table_dup,flow_8,8,input,wdp_bdp_db_dlk_l2_msk_view,f13_svc_dd_item_ftrs_ft_v1,,part_dt,D,0,0,
gpcc_svc_sg,load_svc_table_dup,flow_8,8,output,,,${ml_output_path}/athena/SG_TableDuplicator/item_feature/,part_dt,D,0,0,
gpcc_svc_sg,load_svc_rec_rslt,flow_1,1,input,wdp_bdp_db_dlk_l2_msk_view,f13_svc_dd_rec_rslt,,part_dt,D,-1,-1,
gpcc_svc_sg,load_svc_rec_rslt,flow_1,1,output,,,${ml_output_path}/athena/SG_TableDuplicator/dd_rec_result/,part_dt,D,-1,-1,
gpcc_svc_sg,load_svc_rec_rslt,flow_2,2,input,wdp_bdp_db_dlk_l2_msk_view,f13_svc_mm_rec_rslt,,part_dt,D,-1,-1,
gpcc_svc_sg,load_svc_rec_rslt,flow_2,2,output,,,${ml_output_path}/athena/SG_TableDuplicator/mm_rec_result/,part_dt,D,-1,-1,
gpcc_svc_sg,RecGenerator,gen_rec_result,1,input,,,${ml_output_path}/athena/SG_TableDuplicator/dd_rec_result,part_dt,D,-1,-1,
gpcc_svc_sg,RecGenerator,gen_rec_result,1,input,,,${ml_output_path}/athena/SG_TableDuplicator/mm_rec_result,part_dt,D,-1,-1,
gpcc_svc_sg,RecGenerator,gen_rec_result,1,output,,,${ml_output_path}/athena/SG_TableDuplicator/rec_result,part_dt,D,0,0,
gpcc_svc_sg,TableDuplicator,duplicate_tables,1,input,,,${ml_output_path}/athena/SG_TableDuplicator/item_meta,part_dt,D,0,0,
gpcc_svc_sg,TableDuplicator,duplicate_tables,1,input,,,${ml_output_path}/athena/SG_TableDuplicator/usr_log,part_dt,D,0,0,
gpcc_svc_sg,TableDuplicator,duplicate_tables,1,input,,,${ml_output_path}/athena/SG_TableDuplicator/uc_log,part_dt,D,0,0,
gpcc_svc_sg,TableDuplicator,duplicate_tables,1,input,,,${ml_output_path}/athena/SG_TableDuplicator/ucm_log,part_dt,D,0,0,
gpcc_svc_sg,TableDuplicator,duplicate_tables,1,input,,,${ml_output_path}/athena/SG_TableDuplicator/ucc_log,part_dt,D,0,0,
gpcc_svc_sg,TableDuplicator,duplicate_tables,1,input,,,${ml_output_path}/athena/SG_TableDuplicator/ust_log,part_dt,D,0,0,
gpcc_svc_sg,TableDuplicator,duplicate_tables,1,input,,,${ml_output_path}/athena/SG_TableDuplicator/usp_log,part_dt,D,0,0,
gpcc_svc_sg,TableDuplicator,duplicate_tables,1,input,,,${ml_output_path}/athena/SG_TableDuplicator/item_feature,part_dt,D,0,0,
gpcc_svc_sg,TableDuplicator,duplicate_tables,1,output,,,${ml_output_path}/athena/SG_TableDuplicator/item_meta_d2,part_dt,D,0,0,
gpcc_svc_sg,TableDuplicator,duplicate_tables,1,output,,,${ml_output_path}/athena/SG_TableDuplicator/cntn_bhve_hst,part_dt,D,0,0,
gpcc_svc_sg,TableDuplicator,duplicate_tables,1,output,,,${ml_output_path}/athena/SG_TableDuplicator/accb_bhve_hst,part_dt,D,0,0,
gpcc_svc_sg,TableDuplicator,duplicate_tables,1,output,,,${ml_output_path}/athena/SG_TableDuplicator/arch_bhve_hst,part_dt,D,0,0,
gpcc_svc_sg,TableDuplicator,duplicate_tables,1,output,,,${ml_output_path}/athena/SG_TableDuplicator/tier_bhve_hst,part_dt,D,0,0,
gpcc_svc_sg,TableDuplicator,duplicate_tables,1,output,,,${ml_output_path}/athena/SG_TableDuplicator/type_bhve_hst,part_dt,D,0,0,
gpcc_svc_sg,TableDuplicator,duplicate_tables,1,output,,,${ml_output_path}/athena/SG_TableDuplicator/bhve_hst,part_dt,D,0,0,
gpcc_svc_sg,TableDuplicator,duplicate_tables,1,output,,,${ml_output_path}/athena/SG_TableDuplicator/item_feature_d2,part_dt,D,0,0,
gpcc_svc_sg,SAVE_FEATURE_TABLE,flow_1,1,input,,,${ml_output_path}/athena/SG_TableDuplicator/item_meta_d2/,part_dt,D,0,0,
gpcc_svc_sg,SAVE_FEATURE_TABLE,flow_1,1,output,wdp_bdp_db_dlk_l2_org,f13_svc_dd_item_meta,,part_dt,D,0,0,
gpcc_svc_sg,SAVE_FEATURE_TABLE,flow_2,2,input,,,${ml_output_path}/athena/SG_TableDuplicator/cntn_bhve_hst/,part_dt,D,0,0,
gpcc_svc_sg,SAVE_FEATURE_TABLE,flow_2,2,output,wdp_bdp_db_dlk_l2_org,f13_svc_dd_user_cntn_bhve_hst,,part_dt,D,0,0,
gpcc_svc_sg,SAVE_FEATURE_TABLE,flow_3,3,input,,,${ml_output_path}/athena/SG_TableDuplicator/accb_bhve_hst/,part_dt,D,0,0,
gpcc_svc_sg,SAVE_FEATURE_TABLE,flow_3,3,output,wdp_bdp_db_dlk_l2_org,f13_svc_dd_user_accb_bhve_hst,,part_dt,D,0,0,
gpcc_svc_sg,SAVE_FEATURE_TABLE,flow_4,4,input,,,${ml_output_path}/athena/SG_TableDuplicator/arch_bhve_hst/,part_dt,D,0,0,
gpcc_svc_sg,SAVE_FEATURE_TABLE,flow_4,4,output,wdp_bdp_db_dlk_l2_org,f13_svc_dd_user_arch_bhve_hst,,part_dt,D,0,0,
gpcc_svc_sg,SAVE_FEATURE_TABLE,flow_5,5,input,,,${ml_output_path}/athena/SG_TableDuplicator/tier_bhve_hst/,part_dt,D,0,0,
gpcc_svc_sg,SAVE_FEATURE_TABLE,flow_5,5,output,wdp_bdp_db_dlk_l2_org,f13_svc_dd_user_tier_bhve_hst,,part_dt,D,0,0,
gpcc_svc_sg,SAVE_FEATURE_TABLE,flow_6,6,input,,,${ml_output_path}/athena/SG_TableDuplicator/type_bhve_hst/,part_dt,D,0,0,
gpcc_svc_sg,SAVE_FEATURE_TABLE,flow_6,6,output,wdp_bdp_db_dlk_l2_org,f13_svc_dd_user_type_bhve_hst,,part_dt,D,0,0,
gpcc_svc_sg,SAVE_FEATURE_TABLE,flow_7,7,input,,,${ml_output_path}/athena/SG_TableDuplicator/bhve_hst/,part_dt,D,0,0,
gpcc_svc_sg,SAVE_FEATURE_TABLE,flow_7,7,output,wdp_bdp_db_dlk_l2_org,f13_svc_dd_user_bhve_hst,,part_dt,D,0,0,
gpcc_svc_sg,SAVE_FEATURE_TABLE,flow_8,8,input,,,${ml_output_path}/athena/SG_TableDuplicator/item_feature_d2/,part_dt,D,0,0,
gpcc_svc_sg,SAVE_FEATURE_TABLE,flow_8,8,output,wdp_bdp_db_dlk_l2_org,f13_svc_dd_item_ftrs_ft_v1,,part_dt,D,0,0,
gpcc_svc_sg,SAVE_REC_TABLE,flow_1,1,input,,,${ml_output_path}/athena/SG_TableDuplicator/rec_result/,part_dt,D,0,0,
gpcc_svc_sg,SAVE_REC_TABLE,flow_1,1,output,wdp_bdp_db_dlk_l2_org,f13_svc_dd_rec_rslt,,part_dt,D,0,0,
gpcc_svc_sg,check_dd_rec_result,flow_1,1,input,wdp_bdp_db_dlk_l2_org,f13_svc_dd_rec_rslt,,part_dt,D,0,0,
gpcc_train_dq_mail,save_train_result,flow_1,1,input,,,${ml_output_path}/athena/GPCC_TRAIN/train_result/,part_dt,D,0,0,
gpcc_train_dq_mail,save_train_result,flow_1,1,output,wdp_bdp_db_dlk_l2_org,f13_svc_dd_train_rslt,,part_dt,D,0,0,
temp_log_agg,load_log_agg,flow_1,1,input,wdp_bdp_db_dlk_l1_msk_view,hcc_cust_bhve_data,,part_dttm,D,-1,-1,
temp_log_agg,load_log_agg,flow_1,1,output,,,${ml_output_path}/athena/GPCC_TEMP_LOG/log_agg/,imp_dt,D,-1,-1,
temp_log_agg,save_log_agg,flow_1,1,input,,,${ml_output_path}/athena/GPCC_TEMP_LOG/log_agg/,imp_dt,D,-1,-1,
temp_log_agg,save_log_agg,flow_1,1,output,wdp_bdp_db_dlk_l2_org,temp_log_agg,,part_dt,D,0,0,
