service_id,workflow_id,dag_id,task_id,task_order,task_type,owner_team
3f,GPCC_mthly_execute_trigger,oo3f01-GPCC_mthly_execute_trigger,start,1,Operator,ds2t
3f,GPCC_mthly_execute_trigger,oo3f01-GPCC_mthly_execute_trigger,trigger,2,Operator,ds2t
3f,GPCC_mthly_execute_trigger,oo3f01-GPCC_mthly_execute_trigger,trigger_execute_date,3,PythonOperator,ds2t
3f,GPCC_mthly_execute_trigger,oo3f01-GPCC_mthly_execute_trigger,fail_empty_mail,4,PythonOperator,ds2t
3f,GPCC_mthly_execute_trigger,oo3f01-GPCC_mthly_execute_trigger,trigger_mthly_rec_result,4,API,ds2t
3f,GPCC_mthly_execute_trigger,oo3f01-GPCC_mthly_execute_trigger,done_api,5,Operator,ds2t
3f,GPCC_mthly_rec_result,oo3f01-GPCC_mthly_rec_result,start,1,Operator,ds2t
3f,GPCC_mthly_rec_result,oo3f01-GPCC_mthly_rec_result,trigger,2,Operator,ds2t
3f,GPCC_mthly_rec_result,oo3f01-GPCC_mthly_rec_result,make_pipeline_date,3,spark_process,ds2t
3f,GPCC_mthly_rec_result,oo3f01-GPCC_mthly_rec_result,load_rec_target,4,query_unload,ds2t
3f,GPCC_mthly_rec_result,oo3f01-GPCC_mthly_rec_result,mk_mthly_rec_result,5,spark_process,ds2t
3f,GPCC_mthly_rec_result,oo3f01-GPCC_mthly_rec_result,save_rec_result,6,query_insert,ds2t
3f,GPCC_mthly_rec_result,oo3f01-GPCC_mthly_rec_result,mthly_dq_check,7,spark_process,ds2t
3f,GPCC_mthly_rec_result,oo3f01-GPCC_mthly_rec_result,dq_check_mail,8,PythonOperator,ds2t
3f,GPCC_mthly_rec_result,oo3f01-GPCC_mthly_rec_result,done_api,9,Operator,ds2t
3f,GPCC_stage1_item_feature,oo3f01-GPCC_stage1_item_feature,start,1,Operator,ds2t
3f,GPCC_stage1_item_feature,oo3f01-GPCC_stage1_item_feature,trigger,2,Operator,ds2t
3f,GPCC_stage1_item_feature,oo3f01-GPCC_stage1_item_feature,make_pipeline_date,3,spark_process,ds2t
3f,GPCC_stage1_item_feature,oo3f01-GPCC_stage1_item_feature,save_pipeline_date,4,query_unload,ds2t
3f,GPCC_stage1_item_feature,oo3f01-GPCC_stage1_item_feature,load_item_feature,5,query_unload,ds2t
3f,GPCC_stage1_item_feature,oo3f01-GPCC_stage1_item_feature,load_log_parser,5,query_unload,ds2t
3f,GPCC_stage1_item_feature,oo3f01-GPCC_stage1_item_feature,load_item_meta,5,query_unload,ds2t
3f,GPCC_stage1_item_feature,oo3f01-GPCC_stage1_item_feature,ItemMetaGenerator,6,spark_process,ds2t
3f,GPCC_stage1_item_feature,oo3f01-GPCC_stage1_item_feature,LogGenerator,7,spark_process,ds2t
3f,GPCC_stage1_item_feature,oo3f01-GPCC_stage1_item_feature,FT_ItemFeature,8,spark_process,ds2t
3f,GPCC_stage1_item_feature,oo3f01-GPCC_stage1_item_feature,save_stage1_mart,9,query_insert,ds2t
3f,GPCC_stage1_item_feature,oo3f01-GPCC_stage1_item_feature,trigger_gpcc_candidate,10,API,ds2t
3f,GPCC_stage1_item_feature,oo3f01-GPCC_stage1_item_feature,done_api,11,Operator,ds2t
3f,GPCC_stage2_select,oo3f01-GPCC_stage2_select,start,1,Operator,ds2t
3f,GPCC_stage2_select,oo3f01-GPCC_stage2_select,trigger,2,Operator,ds2t
3f,GPCC_stage2_select,oo3f01-GPCC_stage2_select,save_targeting,3,query_insert,ds2t
3f,GPCC_stage2_select,oo3f01-GPCC_stage2_select,save_cs_size,4,query_insert,ds2t
3f,GPCC_stage2_select,oo3f01-GPCC_stage2_select,check_c2p_cnt,5,PythonOperator,ds2t
3f,GPCC_stage2_select,oo3f01-GPCC_stage2_select,save_all_c2p,6,query_insert,ds2t
3f,GPCC_stage2_select,oo3f01-GPCC_stage2_select,load_user_features,6,query_unload,ds2t
3f,GPCC_stage2_select,oo3f01-GPCC_stage2_select,load_dv_features,6,query_unload,ds2t
3f,GPCC_stage2_select,oo3f01-GPCC_stage2_select,load_user_lgcn_embs,6,query_unload,ds2t
3f,GPCC_stage2_select,oo3f01-GPCC_stage2_select,load_item_meta,6,query_unload,ds2t
3f,GPCC_stage2_select,oo3f01-GPCC_stage2_select,load_item_emb_feat,6,query_unload,ds2t
3f,GPCC_stage2_select,oo3f01-GPCC_stage2_select,load_item_lgcn_embs,6,query_unload,ds2t
3f,GPCC_stage2_select,oo3f01-GPCC_stage2_select,task_prd_pl_inf_pl2mfl3101_v2,7,spark_process,ds2t
3f,GPCC_stage2_select,oo3f01-GPCC_stage2_select,save_cs_result,8,query_insert,ds2t
3f,GPCC_stage2_select,oo3f01-GPCC_stage2_select,save_gpcc,9,query_insert,ds2t
3f,GPCC_stage2_select,oo3f01-GPCC_stage2_select,trigger_stage3,10,API,ds2t
3f,GPCC_stage2_select,oo3f01-GPCC_stage2_select,done_api,11,Operator,ds2t
3f,GPCC_stage3_interaction_feautre,oo3f01-GPCC_stage3_interaction_feautre,start,1,Operator,ds2t
3f,GPCC_stage3_interaction_feautre,oo3f01-GPCC_stage3_interaction_feautre,trigger,2,Operator,ds2t
3f,GPCC_stage3_interaction_feautre,oo3f01-GPCC_stage3_interaction_feautre,load_interaction_feature,3,query_unload,ds2t
3f,GPCC_stage3_interaction_feautre,oo3f01-GPCC_stage3_interaction_feautre,load_rec_target,3,query_unload,ds2t
3f,GPCC_stage3_interaction_feautre,oo3f01-GPCC_stage3_interaction_feautre,FT_InteractionFeature,4,spark_process,ds2t
3f,GPCC_stage3_interaction_feautre,oo3f01-GPCC_stage3_interaction_feautre,save_inter_feature,5,query_insert,ds2t
3f,GPCC_stage3_interaction_feautre,oo3f01-GPCC_stage3_interaction_feautre,unload_shared_ft_features,6,query_insert,ds2t
3f,GPCC_stage3_interaction_feautre,oo3f01-GPCC_stage3_interaction_feautre,trigger_gv_tgps_bsis,7,API,ds2t
3f,GPCC_stage3_interaction_feautre,oo3f01-GPCC_stage3_interaction_feautre,trigger_gv_cntn_info,8,API,ds2t
3f,GPCC_stage3_interaction_feautre,oo3f01-GPCC_stage3_interaction_feautre,trigger_gv_cust_bhve_info,9,API,ds2t
3f,GPCC_stage3_interaction_feautre,oo3f01-GPCC_stage3_interaction_feautre,preproc_end_alert,10,PythonOperator,ds2t
3f,GPCC_stage3_interaction_feautre,oo3f01-GPCC_stage3_interaction_feautre,done_api,11,Operator,ds2t
3f,GPCC_stage4_post_proc,oo3f01-GPCC_stage4_post_proc,start,1,Operator,ds2t
3f,GPCC_stage4_post_proc,oo3f01-GPCC_stage4_post_proc,trigger,2,Operator,ds2t
3f,GPCC_stage4_post_proc,oo3f01-GPCC_stage4_post_proc,load_rec_result,3,query_unload,ds2t
3f,GPCC_stage4_post_proc,oo3f01-GPCC_stage4_post_proc,RecResult,4,spark_process,ds2t
3f,GPCC_stage4_post_proc,oo3f01-GPCC_stage4_post_proc,save_rec_result,5,query_insert,ds2t
3f,GPCC_stage4_post_proc,oo3f01-GPCC_stage4_post_proc,check_dd_rec_result,6,query_insert,ds2t
3f,GPCC_stage4_post_proc,oo3f01-GPCC_stage4_post_proc,trigger_mark_success_all_success,7,API,ds2t
3f,GPCC_stage4_post_proc,oo3f01-GPCC_stage4_post_proc,trigger_sg_workflow_if_one_failed,8,API,ds2t
3f,GPCC_stage4_post_proc,oo3f01-GPCC_stage4_post_proc,done_api,9,Operator,ds2t
3f,GPCC_train,oo3f01-GPCC_train,start,1,Operator,ds2t
3f,GPCC_train,oo3f01-GPCC_train,trigger,2,Operator,ds2t
3f,GPCC_train,oo3f01-GPCC_train,load_user_features_inf,3,query_unload,ds2t
3f,GPCC_train,oo3f01-GPCC_train,load_user_features,3,query_unload,ds2t
3f,GPCC_train,oo3f01-GPCC_train,load_item_emb_feat,3,query_unload,ds2t
3f,GPCC_train,oo3f01-GPCC_train,load_item_meta,3,query_unload,ds2t
3f,GPCC_train,oo3f01-GPCC_train,load_interaction,3,query_unload,ds2t
3f,GPCC_train,oo3f01-GPCC_train,task_prd_pl_trn_pl2mfl3101_v2,4,spark_process,ds2t
3f,GPCC_train,oo3f01-GPCC_train,save_cntn_lgcn_emb,5,query_insert,ds2t
3f,GPCC_train,oo3f01-GPCC_train,save_item_cntn_emb,5,query_insert,ds2t
3f,GPCC_train,oo3f01-GPCC_train,save_user_lgcn_emb,5,query_insert,ds2t
3f,GPCC_train,oo3f01-GPCC_train,save_train_date,6,query_insert,ds2t
3f,GPCC_train,oo3f01-GPCC_train,trigger_dq,7,API,ds2t
3f,GPCC_train,oo3f01-GPCC_train,done_api,8,Operator,ds2t
3f,duplicate_ft_result_check,oo3f01-duplicate_ft_result_check,start,1,Operator,ds2t
3f,duplicate_ft_result_check,oo3f01-duplicate_ft_result_check,trigger,2,Operator,ds2t
3f,duplicate_ft_result_check,oo3f01-duplicate_ft_result_check,check_duplicate,3,query_insert,ds2t
3f,duplicate_ft_result_check,oo3f01-duplicate_ft_result_check,ft_result_dup_check_mail,4,PythonOperator,ds2t
3f,duplicate_ft_result_check,oo3f01-duplicate_ft_result_check,done_api,5,Operator,ds2t
3f,gpcc_dd_transfer,oo3f01-gpcc_dd_transfer,start,1,Operator,ds2t
3f,gpcc_dd_transfer,oo3f01-gpcc_dd_transfer,trigger,2,Operator,ds2t
3f,gpcc_dd_transfer,oo3f01-gpcc_dd_transfer,transfer_table,3,query_insert,ds2t
3f,gpcc_dd_transfer,oo3f01-gpcc_dd_transfer,unload_oo3f_rec_benefit_result,4,query_unload,ds2t
3f,gpcc_dd_transfer,oo3f01-gpcc_dd_transfer,trigger_arbiter_transfer,4,API,ds2t
3f,gpcc_dd_transfer,oo3f01-gpcc_dd_transfer,trigger_dq_check_mail,4,API,ds2t
3f,gpcc_dd_transfer,oo3f01-gpcc_dd_transfer,sink_cms_transfer,5,data_sink,ds2t
3f,gpcc_dd_transfer,oo3f01-gpcc_dd_transfer,done_api,6,Operator,ds2t
3f,gpcc_dq_mail,oo3f01-gpcc_dq_mail,start,1,Operator,ds2t
3f,gpcc_dq_mail,oo3f01-gpcc_dq_mail,trigger,2,Operator,ds2t
3f,gpcc_dq_mail,oo3f01-gpcc_dq_mail,unload_dq_check,3,query_unload,ds2t
3f,gpcc_dq_mail,oo3f01-gpcc_dq_mail,unload_dq_candidate,3,query_unload,ds2t
3f,gpcc_dq_mail,oo3f01-gpcc_dq_mail,DQcheck,4,spark_process,ds2t
3f,gpcc_dq_mail,oo3f01-gpcc_dq_mail,save_dq_summary,5,query_insert,ds2t
3f,gpcc_dq_mail,oo3f01-gpcc_dq_mail,dq_check_mail,6,PythonOperator,ds2t
3f,gpcc_dq_mail,oo3f01-gpcc_dq_mail,done_api,7,Operator,ds2t
3f,gpcc_mark_success,oo3f01-gpcc_mark_success,start,1,Operator,ds2t
3f,gpcc_mark_success,oo3f01-gpcc_mark_success,trigger,2,Operator,ds2t
3f,gpcc_mark_success,oo3f01-gpcc_mark_success,check_mark_success,3,query_insert,ds2t
3f,gpcc_mark_success,oo3f01-gpcc_mark_success,done_api,4,Operator,ds2t
3f,gpcc_select_dq_mail,oo3f01-gpcc_select_dq_mail,start,1,Operator,ds2t
3f,gpcc_select_dq_mail,oo3f01-gpcc_select_dq_mail,trigger,2,Operator,ds2t
3f,gpcc_select_dq_mail,oo3f01-gpcc_select_dq_mail,save_input_summary,3,query_insert,ds2t
3f,gpcc_select_dq_mail,oo3f01-gpcc_select_dq_mail,save_select_wf,3,query_insert,ds2t
3f,gpcc_select_dq_mail,oo3f01-gpcc_select_dq_mail,dq_mail,4,PythonOperator,ds2t
3f,gpcc_select_dq_mail,oo3f01-gpcc_select_dq_mail,done_api,5,Operator,ds2t
3f,gpcc_svc_sg,oo3f01-gpcc_svc_sg,start,1,Operator,ds2t
3f,gpcc_svc_sg,oo3f01-gpcc_svc_sg,trigger,2,Operator,ds2t
3f,gpcc_svc_sg,oo3f01-gpcc_svc_sg,load_svc_table_dup,3,query_unload,ds2t
3f,gpcc_svc_sg,oo3f01-gpcc_svc_sg,load_svc_rec_rslt,3,query_unload,ds2t
3f,gpcc_svc_sg,oo3f01-gpcc_svc_sg,RecGenerator,4,spark_process,ds2t
3f,gpcc_svc_sg,oo3f01-gpcc_svc_sg,TableDuplicator,5,spark_process,ds2t
3f,gpcc_svc_sg,oo3f01-gpcc_svc_sg,SAVE_FEATURE_TABLE,6,query_insert,ds2t
3f,gpcc_svc_sg,oo3f01-gpcc_svc_sg,SAVE_REC_TABLE,6,query_insert,ds2t
3f,gpcc_svc_sg,oo3f01-gpcc_svc_sg,check_dd_rec_result,7,query_insert,ds2t
3f,gpcc_svc_sg,oo3f01-gpcc_svc_sg,trigger_mark_success_all_success,8,API,ds2t
3f,gpcc_svc_sg,oo3f01-gpcc_svc_sg,done_api,9,Operator,ds2t
3f,gpcc_train_dq_mail,oo3f01-gpcc_train_dq_mail,start,1,Operator,ds2t
3f,gpcc_train_dq_mail,oo3f01-gpcc_train_dq_mail,trigger,2,Operator,ds2t
3f,gpcc_train_dq_mail,oo3f01-gpcc_train_dq_mail,save_train_result,3,query_insert,ds2t
3f,gpcc_train_dq_mail,oo3f01-gpcc_train_dq_mail,dq_mail,4,PythonOperator,ds2t
3f,gpcc_train_dq_mail,oo3f01-gpcc_train_dq_mail,done_api,5,Operator,ds2t
3f,temp_log_agg,oo3f01-temp_log_agg,start,1,Operator,ds2t
3f,temp_log_agg,oo3f01-temp_log_agg,trigger,2,Operator,ds2t
3f,temp_log_agg,oo3f01-temp_log_agg,load_log_agg,3,query_unload,ds2t
3f,temp_log_agg,oo3f01-temp_log_agg,save_log_agg,4,query_insert,ds2t
3f,temp_log_agg,oo3f01-temp_log_agg,log_check_mail,5,PythonOperator,ds2t
3f,temp_log_agg,oo3f01-temp_log_agg,done_api,6,Operator,ds2t
