service_id,event_type,page_cd,area_cd,event_count,unique_csno_count,unique_content_count,base_dt,part_dt
3f,imp,system_main,system_main,126169,8992,194,2026-08-01,2026-08-01
3f,click,system_main,더보기,3063,2030,152,2026-08-01,2026-08-01
3f,conv,system_main,신청,5366,2310,173,2026-08-01,2026-08-01
3f,pv,account_layer,account_layer,791305,454042,0,2026-08-01,2026-08-01
3f,imp,account_layer,스와이프,2460082,376025,192,2026-08-01,2026-08-01
3f,click,account_layer,스와이프,4289,3212,166,2026-08-01,2026-08-01
3f,imp,account_layer,가맹점광고,999350,369004,8,2026-08-01,2026-08-01
3f,click,account_layer,가맹점광고,1047,476,7,2026-08-01,2026-08-01
3f,click,account_layer,가맹점광고,6359,5908,7,2026-08-01,2026-08-01
3f,click,account_layer,가맹점광고,173,159,7,2026-08-01,2026-08-01
3f,imp,선물_보관함,새로운 선물,408177,12520,194,2026-08-01,2026-08-01
3f,click,선물_보관함,새로운 선물,3482,2381,127,2026-08-01,2026-08-01
3f,conv,선물_보관함,새로운 선물,10532,2716,165,2026-08-01,2026-08-01
3f,click,선물_상세,관심 선택,105,87,51,2026-08-01,2026-08-01
3f,click,선물_상세,관심 해제,9,8,8,2026-08-01,2026-08-01
3f,conv,선물_상세,받기,972,854,118,2026-08-01,2026-08-01
3f,conv,선물_상세,신청,11,9,1,2026-08-01,2026-08-01
3f,imp,CT,스와이프,253438,154395,185,2026-08-01,2026-08-01
3f,click,CT,스와이프,3915,3127,69,2026-08-01,2026-08-01
3f,conv,CT,스와이프,1522,1522,58,2026-08-01,2026-08-01
3f,click,CT,스와이프,72,70,8,2026-08-01,2026-08-01
3f,click,CT,스와이프,14,14,7,2026-08-01,2026-08-01
3f,conv,CT,콘텐츠_상세,585,576,28,2026-08-01,2026-08-01
3f,click,CT,관심_선택,19,15,6,2026-08-01,2026-08-01
3f,imp,혜택탭,더많은혜택,268580,21121,199,2026-08-01,2026-08-01
3f,click,혜택탭,더많은혜택,3055,2217,185,2026-08-01,2026-08-01
3f,conv,혜택탭,더많은혜택,4219,1695,159,2026-08-01,2026-08-01
3f,imp,혜택탭,카테고리별 혜택,563,314,13,2026-08-01,2026-08-01
3f,imp,혜택탭,카테고리별 혜택,74425,7678,186,2026-08-01,2026-08-01
3f,click,혜택탭,카테고리별 혜택,527,497,105,2026-08-01,2026-08-01
3f,conv,혜택탭,카테고리별 혜택,812,359,146,2026-08-01,2026-08-01
3f,imp,system_main,system_main,128605,9073,211,2026-08-02,2026-08-02
3f,click,system_main,더보기,3059,2203,165,2026-08-02,2026-08-02
3f,conv,system_main,신청,5588,2381,177,2026-08-02,2026-08-02
3f,pv,account_layer,account_layer,770864,440935,0,2026-08-02,2026-08-02
3f,imp,account_layer,스와이프,2522945,423789,208,2026-08-02,2026-08-02
3f,click,account_layer,스와이프,4609,3291,177,2026-08-02,2026-08-02
3f,imp,account_layer,가맹점광고,1056986,408237,9,2026-08-02,2026-08-02
3f,click,account_layer,가맹점광고,968,485,7,2026-08-02,2026-08-02
3f,click,account_layer,가맹점광고,6512,6014,7,2026-08-02,2026-08-02
3f,click,account_layer,가맹점광고,183,175,7,2026-08-02,2026-08-02
3f,imp,선물_보관함,새로운 선물,456922,13733,209,2026-08-02,2026-08-02
3f,click,선물_보관함,새로운 선물,3398,2601,133,2026-08-02,2026-08-02
3f,conv,선물_보관함,새로운 선물,11727,2693,174,2026-08-02,2026-08-02
3f,click,선물_상세,관심 선택,109,96,55,2026-08-02,2026-08-02
3f,click,선물_상세,관심 해제,8,8,8,2026-08-02,2026-08-02
3f,conv,선물_상세,받기,1004,840,124,2026-08-02,2026-08-02
3f,conv,선물_상세,신청,11,9,1,2026-08-02,2026-08-02
3f,imp,CT,스와이프,256721,158737,195,2026-08-02,2026-08-02
3f,click,CT,스와이프,3800,3478,76,2026-08-02,2026-08-02
3f,conv,CT,스와이프,1751,1537,59,2026-08-02,2026-08-02
3f,click,CT,스와이프,77,76,9,2026-08-02,2026-08-02
3f,click,CT,스와이프,15,15,7,2026-08-02,2026-08-02
3f,conv,CT,콘텐츠_상세,627,614,28,2026-08-02,2026-08-02
3f,click,CT,관심_선택,19,15,6,2026-08-02,2026-08-02
3f,imp,혜택탭,더많은혜택,261454,21845,211,2026-08-02,2026-08-02
3f,click,혜택탭,더많은혜택,3309,2412,189,2026-08-02,2026-08-02
3f,conv,혜택탭,더많은혜택,4057,1845,166,2026-08-02,2026-08-02
3f,imp,혜택탭,카테고리별 혜택,610,291,15,2026-08-02,2026-08-02
3f,imp,혜택탭,카테고리별 혜택,80230,7792,192,2026-08-02,2026-08-02
3f,click,혜택탭,카테고리별 혜택,518,489,117,2026-08-02,2026-08-02
3f,conv,혜택탭,카테고리별 혜택,841,348,159,2026-08-02,2026-08-02
3f,imp,system_main,system_main,130076,8671,154,2026-08-03,2026-08-03
3f,click,system_main,더보기,2862,2205,123,2026-08-03,2026-08-03
3f,conv,system_main,신청,5225,2214,130,2026-08-03,2026-08-03
3f,pv,account_layer,account_layer,769173,442485,0,2026-08-03,2026-08-03
3f,imp,account_layer,스와이프,2205896,365861,155,2026-08-03,2026-08-03
3f,click,account_layer,스와이프,4269,3052,132,2026-08-03,2026-08-03
3f,imp,account_layer,가맹점광고,1046918,392189,6,2026-08-03,2026-08-03
3f,click,account_layer,가맹점광고,966,509,5,2026-08-03,2026-08-03
3f,click,account_layer,가맹점광고,6121,5530,5,2026-08-03,2026-08-03
3f,click,account_layer,가맹점광고,171,158,5,2026-08-03,2026-08-03
3f,imp,선물_보관함,새로운 선물,407261,11829,150,2026-08-03,2026-08-03
3f,click,선물_보관함,새로운 선물,3207,2269,98,2026-08-03,2026-08-03
3f,conv,선물_보관함,새로운 선물,11177,2775,127,2026-08-03,2026-08-03
3f,click,선물_상세,관심 선택,102,91,40,2026-08-03,2026-08-03
3f,click,선물_상세,관심 해제,9,8,6,2026-08-03,2026-08-03
3f,conv,선물_상세,받기,938,805,89,2026-08-03,2026-08-03
3f,conv,선물_상세,신청,12,9,1,2026-08-03,2026-08-03
3f,imp,CT,스와이프,248034,152289,147,2026-08-03,2026-08-03
3f,click,CT,스와이프,3771,3187,54,2026-08-03,2026-08-03
3f,conv,CT,스와이프,1504,1403,44,2026-08-03,2026-08-03
3f,click,CT,스와이프,74,72,6,2026-08-03,2026-08-03
3f,click,CT,스와이프,14,13,5,2026-08-03,2026-08-03
3f,conv,CT,콘텐츠_상세,616,549,22,2026-08-03,2026-08-03
3f,click,CT,관심_선택,17,15,4,2026-08-03,2026-08-03
3f,imp,혜택탭,더많은혜택,251395,19532,149,2026-08-03,2026-08-03
3f,click,혜택탭,더많은혜택,3181,2412,141,2026-08-03,2026-08-03
3f,conv,혜택탭,더많은혜택,3859,1667,127,2026-08-03,2026-08-03
3f,imp,혜택탭,카테고리별 혜택,600,303,11,2026-08-03,2026-08-03
3f,imp,혜택탭,카테고리별 혜택,76872,7617,139,2026-08-03,2026-08-03
3f,click,혜택탭,카테고리별 혜택,494,444,82,2026-08-03,2026-08-03
3f,conv,혜택탭,카테고리별 혜택,854,339,111,2026-08-03,2026-08-03
3f,imp,system_main,system_main,129741,8628,163,2026-08-04,2026-08-04
3f,click,system_main,더보기,2932,2102,129,2026-08-04,2026-08-04
3f,conv,system_main,신청,5488,2315,140,2026-08-04,2026-08-04
3f,pv,account_layer,account_layer,790419,424790,0,2026-08-04,2026-08-04
3f,imp,account_layer,스와이프,2266287,394979,162,2026-08-04,2026-08-04
3f,click,account_layer,스와이프,4276,3128,136,2026-08-04,2026-08-04
3f,imp,account_layer,가맹점광고,1047928,364644,7,2026-08-04,2026-08-04
3f,click,account_layer,가맹점광고,1018,501,6,2026-08-04,2026-08-04
3f,click,account_layer,가맹점광고,6209,5683,6,2026-08-04,2026-08-04
3f,click,account_layer,가맹점광고,155,155,6,2026-08-04,2026-08-04
3f,imp,선물_보관함,새로운 선물,400429,12508,164,2026-08-04,2026-08-04
3f,click,선물_보관함,새로운 선물,3410,2460,105,2026-08-04,2026-08-04
3f,conv,선물_보관함,새로운 선물,11034,2575,136,2026-08-04,2026-08-04
3f,click,선물_상세,관심 선택,99,88,42,2026-08-04,2026-08-04
3f,click,선물_상세,관심 해제,9,7,7,2026-08-04,2026-08-04
3f,conv,선물_상세,받기,918,786,92,2026-08-04,2026-08-04
3f,conv,선물_상세,신청,11,10,1,2026-08-04,2026-08-04
3f,imp,CT,스와이프,245987,151442,155,2026-08-04,2026-08-04
3f,click,CT,스와이프,3581,3086,58,2026-08-04,2026-08-04
3f,conv,CT,스와이프,1650,1492,46,2026-08-04,2026-08-04
3f,click,CT,스와이프,78,75,7,2026-08-04,2026-08-04
3f,click,CT,스와이프,14,14,6,2026-08-04,2026-08-04
3f,conv,CT,콘텐츠_상세,624,583,22,2026-08-04,2026-08-04
3f,click,CT,관심_선택,17,14,4,2026-08-04,2026-08-04
3f,imp,혜택탭,더많은혜택,266327,20443,166,2026-08-04,2026-08-04
3f,click,혜택탭,더많은혜택,3272,2183,150,2026-08-04,2026-08-04
3f,conv,혜택탭,더많은혜택,4181,1777,133,2026-08-04,2026-08-04
3f,imp,혜택탭,카테고리별 혜택,534,286,11,2026-08-04,2026-08-04
3f,imp,혜택탭,카테고리별 혜택,70120,7340,152,2026-08-04,2026-08-04
3f,click,혜택탭,카테고리별 혜택,513,459,88,2026-08-04,2026-08-04
3f,conv,혜택탭,카테고리별 혜택,787,346,125,2026-08-04,2026-08-04
3f,imp,system_main,system_main,143547,10785,225,2026-08-05,2026-08-05
3f,click,system_main,더보기,3221,2374,184,2026-08-05,2026-08-05
3f,conv,system_main,신청,6194,2790,202,2026-08-05,2026-08-05
3f,pv,account_layer,account_layer,849077,494520,0,2026-08-05,2026-08-05
3f,imp,account_layer,스와이프,2767804,416516,229,2026-08-05,2026-08-05
3f,click,account_layer,스와이프,5044,3723,191,2026-08-05,2026-08-05
3f,imp,account_layer,가맹점광고,1188506,450078,10,2026-08-05,2026-08-05
3f,click,account_layer,가맹점광고,1104,555,8,2026-08-05,2026-08-05
3f,click,account_layer,가맹점광고,6806,6702,8,2026-08-05,2026-08-05
3f,click,account_layer,가맹점광고,192,187,8,2026-08-05,2026-08-05
3f,imp,선물_보관함,새로운 선물,478827,13891,224,2026-08-05,2026-08-05
3f,click,선물_보관함,새로운 선물,3948,2604,153,2026-08-05,2026-08-05
3f,conv,선물_보관함,새로운 선물,11716,2906,193,2026-08-05,2026-08-05
3f,click,선물_상세,관심 선택,116,107,58,2026-08-05,2026-08-05
3f,click,선물_상세,관심 해제,9,8,9,2026-08-05,2026-08-05
3f,conv,선물_상세,받기,1091,905,133,2026-08-05,2026-08-05
3f,conv,선물_상세,신청,12,11,2,2026-08-05,2026-08-05
3f,imp,CT,스와이프,255883,170929,213,2026-08-05,2026-08-05
3f,click,CT,스와이프,4333,3467,82,2026-08-05,2026-08-05
3f,conv,CT,스와이프,1771,1675,67,2026-08-05,2026-08-05
3f,click,CT,스와이프,81,81,9,2026-08-05,2026-08-05
3f,click,CT,스와이프,15,15,8,2026-08-05,2026-08-05
3f,conv,CT,콘텐츠_상세,673,673,32,2026-08-05,2026-08-05
3f,click,CT,관심_선택,21,16,6,2026-08-05,2026-08-05
3f,imp,혜택탭,더많은혜택,295297,23979,223,2026-08-05,2026-08-05
3f,click,혜택탭,더많은혜택,3430,2455,207,2026-08-05,2026-08-05
3f,conv,혜택탭,더많은혜택,4744,1971,188,2026-08-05,2026-08-05
3f,imp,혜택탭,카테고리별 혜택,657,317,16,2026-08-05,2026-08-05
3f,imp,혜택탭,카테고리별 혜택,79176,8522,213,2026-08-05,2026-08-05
3f,click,혜택탭,카테고리별 혜택,604,513,124,2026-08-05,2026-08-05
3f,conv,혜택탭,카테고리별 혜택,887,373,170,2026-08-05,2026-08-05
3f,imp,system_main,system_main,135683,9774,243,2026-08-06,2026-08-06
3f,click,system_main,더보기,2931,2133,185,2026-08-06,2026-08-06
3f,conv,system_main,신청,5436,2507,201,2026-08-06,2026-08-06
3f,pv,account_layer,account_layer,778392,457333,0,2026-08-06,2026-08-06
3f,imp,account_layer,스와이프,2416343,370188,235,2026-08-06,2026-08-06
3f,click,account_layer,스와이프,4429,3234,206,2026-08-06,2026-08-06
3f,imp,account_layer,가맹점광고,1064922,375858,10,2026-08-06,2026-08-06
3f,click,account_layer,가맹점광고,1006,483,8,2026-08-06,2026-08-06
3f,click,account_layer,가맹점광고,5784,5784,8,2026-08-06,2026-08-06
3f,click,account_layer,가맹점광고,159,159,8,2026-08-06,2026-08-06
3f,imp,선물_보관함,새로운 선물,439576,12188,233,2026-08-06,2026-08-06
3f,click,선물_보관함,새로운 선물,3533,2300,157,2026-08-06,2026-08-06
3f,conv,선물_보관함,새로운 선물,11194,2782,199,2026-08-06,2026-08-06
3f,click,선물_상세,관심 선택,102,89,61,2026-08-06,2026-08-06
3f,click,선물_상세,관심 해제,9,8,9,2026-08-06,2026-08-06
3f,conv,선물_상세,받기,959,843,140,2026-08-06,2026-08-06
3f,conv,선물_상세,신청,11,9,2,2026-08-06,2026-08-06
3f,imp,CT,스와이프,228757,160812,226,2026-08-06,2026-08-06
3f,click,CT,스와이프,3767,3346,85,2026-08-06,2026-08-06
3f,conv,CT,스와이프,1701,1437,69,2026-08-06,2026-08-06
3f,click,CT,스와이프,77,69,10,2026-08-06,2026-08-06
3f,click,CT,스와이프,14,14,8,2026-08-06,2026-08-06
3f,conv,CT,콘텐츠_상세,573,572,33,2026-08-06,2026-08-06
3f,click,CT,관심_선택,18,15,6,2026-08-06,2026-08-06
3f,imp,혜택탭,더많은혜택,272787,20755,237,2026-08-06,2026-08-06
3f,click,혜택탭,더많은혜택,3115,2215,214,2026-08-06,2026-08-06
3f,conv,혜택탭,더많은혜택,4045,1746,192,2026-08-06,2026-08-06
3f,imp,혜택탭,카테고리별 혜택,560,312,16,2026-08-06,2026-08-06
3f,imp,혜택탭,카테고리별 혜택,70187,8033,220,2026-08-06,2026-08-06
3f,click,혜택탭,카테고리별 혜택,542,458,134,2026-08-06,2026-08-06
3f,conv,혜택탭,카테고리별 혜택,776,335,182,2026-08-06,2026-08-06
3f,imp,system_main,system_main,134747,9964,222,2026-08-07,2026-08-07
3f,click,system_main,더보기,3190,2368,168,2026-08-07,2026-08-07
3f,conv,system_main,신청,5638,2442,186,2026-08-07,2026-08-07
3f,pv,account_layer,account_layer,798358,480582,0,2026-08-07,2026-08-07
3f,imp,account_layer,스와이프,2416767,421346,218,2026-08-07,2026-08-07
3f,click,account_layer,스와이프,4427,3283,180,2026-08-07,2026-08-07
3f,imp,account_layer,가맹점광고,1080953,405450,9,2026-08-07,2026-08-07
3f,click,account_layer,가맹점광고,1035,499,8,2026-08-07,2026-08-07
3f,click,account_layer,가맹점광고,6375,6059,7,2026-08-07,2026-08-07
3f,click,account_layer,가맹점광고,171,171,8,2026-08-07,2026-08-07
3f,imp,선물_보관함,새로운 선물,440385,12817,221,2026-08-07,2026-08-07
3f,click,선물_보관함,새로운 선물,3452,2614,145,2026-08-07,2026-08-07
3f,conv,선물_보관함,새로운 선물,11158,2941,175,2026-08-07,2026-08-07
3f,click,선물_상세,관심 선택,113,102,57,2026-08-07,2026-08-07
3f,click,선물_상세,관심 해제,9,8,9,2026-08-07,2026-08-07
3f,conv,선물_상세,받기,1034,911,126,2026-08-07,2026-08-07
3f,conv,선물_상세,신청,12,9,2,2026-08-07,2026-08-07
3f,imp,CT,스와이프,248679,160411,203,2026-08-07,2026-08-07
3f,click,CT,스와이프,3777,3172,75,2026-08-07,2026-08-07
3f,conv,CT,스와이프,1684,1617,61,2026-08-07,2026-08-07
3f,click,CT,스와이프,81,75,9,2026-08-07,2026-08-07
3f,click,CT,스와이프,16,15,8,2026-08-07,2026-08-07
3f,conv,CT,콘텐츠_상세,635,619,31,2026-08-07,2026-08-07
3f,click,CT,관심_선택,19,16,6,2026-08-07,2026-08-07
3f,imp,혜택탭,더많은혜택,260776,21191,213,2026-08-07,2026-08-07
3f,click,혜택탭,더많은혜택,3329,2350,202,2026-08-07,2026-08-07
3f,conv,혜택탭,더많은혜택,4335,1943,179,2026-08-07,2026-08-07
3f,imp,혜택탭,카테고리별 혜택,595,305,15,2026-08-07,2026-08-07
3f,imp,혜택탭,카테고리별 혜택,74979,8052,208,2026-08-07,2026-08-07
3f,click,혜택탭,카테고리별 혜택,565,512,122,2026-08-07,2026-08-07
3f,conv,혜택탭,카테고리별 혜택,906,374,159,2026-08-07,2026-08-07
3f,imp,system_main,system_main,122056,8893,214,2026-08-08,2026-08-08
3f,click,system_main,더보기,2833,2084,162,2026-08-08,2026-08-08
3f,conv,system_main,신청,4904,2321,174,2026-08-08,2026-08-08
3f,pv,account_layer,account_layer,678559,392881,0,2026-08-08,2026-08-08
3f,imp,account_layer,스와이프,2165684,358747,204,2026-08-08,2026-08-08
3f,click,account_layer,스와이프,4074,3073,180,2026-08-08,2026-08-08
3f,imp,account_layer,가맹점광고,964856,341041,9,2026-08-08,2026-08-08
3f,click,account_layer,가맹점광고,964,443,7,2026-08-08,2026-08-08
3f,click,account_layer,가맹점광고,5747,5316,7,2026-08-08,2026-08-08
3f,click,account_layer,가맹점광고,155,153,7,2026-08-08,2026-08-08
3f,imp,선물_보관함,새로운 선물,407059,12038,207,2026-08-08,2026-08-08
3f,click,선물_보관함,새로운 선물,3121,2318,133,2026-08-08,2026-08-08
3f,conv,선물_보관함,새로운 선물,10525,2604,171,2026-08-08,2026-08-08
3f,click,선물_상세,관심 선택,102,84,54,2026-08-08,2026-08-08
3f,click,선물_상세,관심 해제,8,7,8,2026-08-08,2026-08-08
3f,conv,선물_상세,받기,842,756,120,2026-08-08,2026-08-08
3f,conv,선물_상세,신청,10,9,1,2026-08-08,2026-08-08
3f,imp,CT,스와이프,219737,151589,200,2026-08-08,2026-08-08
3f,click,CT,스와이프,3433,2940,73,2026-08-08,2026-08-08
3f,conv,CT,스와이프,1522,1413,60,2026-08-08,2026-08-08
3f,click,CT,스와이프,70,70,9,2026-08-08,2026-08-08
3f,click,CT,스와이프,14,13,7,2026-08-08,2026-08-08
3f,conv,CT,콘텐츠_상세,577,553,29,2026-08-08,2026-08-08
3f,click,CT,관심_선택,16,14,6,2026-08-08,2026-08-08
3f,imp,혜택탭,더많은혜택,236364,19090,212,2026-08-08,2026-08-08
3f,click,혜택탭,더많은혜택,2917,2236,188,2026-08-08,2026-08-08
3f,conv,혜택탭,더많은혜택,3668,1545,168,2026-08-08,2026-08-08
3f,imp,혜택탭,카테고리별 혜택,505,291,14,2026-08-08,2026-08-08
3f,imp,혜택탭,카테고리별 혜택,64263,6617,200,2026-08-08,2026-08-08
3f,click,혜택탭,카테고리별 혜택,456,412,112,2026-08-08,2026-08-08
3f,conv,혜택탭,카테고리별 혜택,744,302,160,2026-08-08,2026-08-08
3f,imp,system_main,system_main,111449,8504,233,2026-08-09,2026-08-09
3f,click,system_main,더보기,2545,1880,187,2026-08-09,2026-08-09
3f,conv,system_main,신청,4883,2167,194,2026-08-09,2026-08-09
3f,pv,account_layer,account_layer,657365,416671,0,2026-08-09,2026-08-09
3f,imp,account_layer,스와이프,2024107,338480,226,2026-08-09,2026-08-09
3f,click,account_layer,스와이프,3973,3013,194,2026-08-09,2026-08-09
3f,imp,account_layer,가맹점광고,951802,321137,10,2026-08-09,2026-08-09
3f,click,account_layer,가맹점광고,839,413,8,2026-08-09,2026-08-09
3f,click,account_layer,가맹점광고,5394,4870,8,2026-08-09,2026-08-09
3f,click,account_layer,가맹점광고,150,139,8,2026-08-09,2026-08-09
3f,imp,선물_보관함,새로운 선물,394759,10504,232,2026-08-09,2026-08-09
3f,click,선물_보관함,새로운 선물,2849,2215,150,2026-08-09,2026-08-09
3f,conv,선물_보관함,새로운 선물,9794,2277,187,2026-08-09,2026-08-09
3f,click,선물_상세,관심 선택,93,81,59,2026-08-09,2026-08-09
3f,click,선물_상세,관심 해제,8,6,8,2026-08-09,2026-08-09
3f,conv,선물_상세,받기,869,724,136,2026-08-09,2026-08-09
3f,conv,선물_상세,신청,10,8,2,2026-08-09,2026-08-09
3f,imp,CT,스와이프,199512,145595,211,2026-08-09,2026-08-09
3f,click,CT,스와이프,3436,2858,84,2026-08-09,2026-08-09
3f,conv,CT,스와이프,1459,1269,69,2026-08-09,2026-08-09
3f,click,CT,스와이프,67,67,9,2026-08-09,2026-08-09
3f,click,CT,스와이프,12,12,8,2026-08-09,2026-08-09
3f,conv,CT,콘텐츠_상세,513,509,32,2026-08-09,2026-08-09
3f,click,CT,관심_선택,16,13,6,2026-08-09,2026-08-09
3f,imp,혜택탭,더많은혜택,243763,18299,224,2026-08-09,2026-08-09
3f,click,혜택탭,더많은혜택,2843,1949,206,2026-08-09,2026-08-09
3f,conv,혜택탭,더많은혜택,3403,1585,191,2026-08-09,2026-08-09
3f,imp,혜택탭,카테고리별 혜택,482,264,16,2026-08-09,2026-08-09
3f,imp,혜택탭,카테고리별 혜택,61934,6720,218,2026-08-09,2026-08-09
3f,click,혜택탭,카테고리별 혜택,450,398,124,2026-08-09,2026-08-09
3f,conv,혜택탭,카테고리별 혜택,737,289,175,2026-08-09,2026-08-09
3f,imp,system_main,system_main,152883,10315,155,2026-08-10,2026-08-10
3f,click,system_main,더보기,3674,2396,122,2026-08-10,2026-08-10
3f,conv,system_main,신청,6734,2758,134,2026-08-10,2026-08-10
3f,pv,account_layer,account_layer,944713,540861,0,2026-08-10,2026-08-10
3f,imp,account_layer,스와이프,2765277,473266,162,2026-08-10,2026-08-10
3f,click,account_layer,스와이프,4944,3868,132,2026-08-10,2026-08-10
3f,imp,account_layer,가맹점광고,1238224,459790,7,2026-08-10,2026-08-10
3f,click,account_layer,가맹점광고,1204,547,5,2026-08-10,2026-08-10
3f,click,account_layer,가맹점광고,6602,6602,5,2026-08-10,2026-08-10
3f,click,account_layer,가맹점광고,203,192,6,2026-08-10,2026-08-10
3f,imp,선물_보관함,새로운 선물,496771,15436,157,2026-08-10,2026-08-10
3f,click,선물_보관함,새로운 선물,4026,2969,102,2026-08-10,2026-08-10
3f,conv,선물_보관함,새로운 선물,13140,2988,132,2026-08-10,2026-08-10
3f,click,선물_상세,관심 선택,125,103,40,2026-08-10,2026-08-10
3f,click,선물_상세,관심 해제,10,9,7,2026-08-10,2026-08-10
3f,conv,선물_상세,받기,1076,980,93,2026-08-10,2026-08-10
3f,conv,선물_상세,신청,13,10,1,2026-08-10,2026-08-10
3f,imp,CT,스와이프,268795,184869,145,2026-08-10,2026-08-10
3f,click,CT,스와이프,4371,3747,57,2026-08-10,2026-08-10
3f,conv,CT,스와이프,1821,1708,45,2026-08-10,2026-08-10
3f,click,CT,스와이프,88,88,7,2026-08-10,2026-08-10
3f,click,CT,스와이프,17,15,5,2026-08-10,2026-08-10
3f,conv,CT,콘텐츠_상세,736,712,22,2026-08-10,2026-08-10
3f,click,CT,관심_선택,21,18,4,2026-08-10,2026-08-10
3f,imp,혜택탭,더많은혜택,292846,25252,162,2026-08-10,2026-08-10
3f,click,혜택탭,더많은혜택,3743,2846,148,2026-08-10,2026-08-10
3f,conv,혜택탭,더많은혜택,4813,1973,132,2026-08-10,2026-08-10
3f,imp,혜택탭,카테고리별 혜택,676,326,11,2026-08-10,2026-08-10
3f,imp,혜택탭,카테고리별 혜택,81222,8762,146,2026-08-10,2026-08-10
3f,click,혜택탭,카테고리별 혜택,607,520,84,2026-08-10,2026-08-10
3f,conv,혜택탭,카테고리별 혜택,974,373,117,2026-08-10,2026-08-10
3f,imp,system_main,system_main,140496,9919,172,2026-08-11,2026-08-11
3f,click,system_main,더보기,3212,2180,134,2026-08-11,2026-08-11
3f,conv,system_main,신청,5623,2415,148,2026-08-11,2026-08-11
3f,pv,account_layer,account_layer,856238,474566,0,2026-08-11,2026-08-11
3f,imp,account_layer,스와이프,2367205,428469,167,2026-08-11,2026-08-11
3f,click,account_layer,스와이프,4460,3447,145,2026-08-11,2026-08-11
3f,imp,account_layer,가맹점광고,1134758,385568,7,2026-08-11,2026-08-11
3f,click,account_layer,가맹점광고,1022,514,6,2026-08-11,2026-08-11
3f,click,account_layer,가맹점광고,6237,5821,6,2026-08-11,2026-08-11
3f,click,account_layer,가맹점광고,171,171,6,2026-08-11,2026-08-11
3f,imp,선물_보관함,새로운 선물,455436,12776,176,2026-08-11,2026-08-11
3f,click,선물_보관함,새로운 선물,3404,2475,112,2026-08-11,2026-08-11
3f,conv,선물_보관함,새로운 선물,12298,2687,145,2026-08-11,2026-08-11
3f,click,선물_상세,관심 선택,107,94,42,2026-08-11,2026-08-11
3f,click,선물_상세,관심 해제,9,8,7,2026-08-11,2026-08-11
3f,conv,선물_상세,받기,967,889,101,2026-08-11,2026-08-11
3f,conv,선물_상세,신청,12,10,1,2026-08-11,2026-08-11
3f,imp,CT,스와이프,263898,161696,160,2026-08-11,2026-08-11
3f,click,CT,스와이프,3907,3333,60,2026-08-11,2026-08-11
3f,conv,CT,스와이프,1620,1483,51,2026-08-11,2026-08-11
3f,click,CT,스와이프,84,77,7,2026-08-11,2026-08-11
3f,click,CT,스와이프,15,14,6,2026-08-11,2026-08-11
3f,conv,CT,콘텐츠_상세,598,598,24,2026-08-11,2026-08-11
3f,click,CT,관심_선택,18,17,5,2026-08-11,2026-08-11
3f,imp,혜택탭,더많은혜택,269609,20758,168,2026-08-11,2026-08-11
3f,click,혜택탭,더많은혜택,3429,2361,159,2026-08-11,2026-08-11
3f,conv,혜택탭,더많은혜택,4286,1921,136,2026-08-11,2026-08-11
3f,imp,혜택탭,카테고리별 혜택,621,304,12,2026-08-11,2026-08-11
3f,imp,혜택탭,카테고리별 혜택,79758,7612,160,2026-08-11,2026-08-11
3f,click,혜택탭,카테고리별 혜택,558,515,93,2026-08-11,2026-08-11
3f,conv,혜택탭,카테고리별 혜택,846,343,129,2026-08-11,2026-08-11
3f,imp,system_main,system_main,128080,9637,231,2026-08-12,2026-08-12
3f,click,system_main,더보기,2989,2121,182,2026-08-12,2026-08-12
3f,conv,system_main,신청,5566,2525,199,2026-08-12,2026-08-12
3f,pv,account_layer,account_layer,768305,439164,0,2026-08-12,2026-08-12
3f,imp,account_layer,스와이프,2350211,402059,229,2026-08-12,2026-08-12
3f,click,account_layer,스와이프,4576,3517,191,2026-08-12,2026-08-12
3f,imp,account_layer,가맹점광고,1064998,382271,10,2026-08-12,2026-08-12
3f,click,account_layer,가맹점광고,1067,521,8,2026-08-12,2026-08-12
3f,click,account_layer,가맹점광고,6018,5677,8,2026-08-12,2026-08-12
3f,click,account_layer,가맹점광고,166,163,8,2026-08-12,2026-08-12
3f,imp,선물_보관함,새로운 선물,459231,12722,228,2026-08-12,2026-08-12
3f,click,선물_보관함,새로운 선물,3448,2491,150,2026-08-12,2026-08-12
3f,conv,선물_보관함,새로운 선물,11411,2731,187,2026-08-12,2026-08-12
3f,click,선물_상세,관심 선택,104,89,58,2026-08-12,2026-08-12
3f,click,선물_상세,관심 해제,9,8,9,2026-08-12,2026-08-12
3f,conv,선물_상세,받기,1020,819,133,2026-08-12,2026-08-12
3f,conv,선물_상세,신청,12,9,2,2026-08-12,2026-08-12
3f,imp,CT,스와이프,231520,152666,220,2026-08-12,2026-08-12
3f,click,CT,스와이프,3693,3461,81,2026-08-12,2026-08-12
3f,conv,CT,스와이프,1556,1493,66,2026-08-12,2026-08-12
3f,click,CT,스와이프,81,71,9,2026-08-12,2026-08-12
3f,click,CT,스와이프,14,14,8,2026-08-12,2026-08-12
3f,conv,CT,콘텐츠_상세,601,601,32,2026-08-12,2026-08-12
3f,click,CT,관심_선택,19,16,6,2026-08-12,2026-08-12
3f,imp,혜택탭,더많은혜택,252968,21287,234,2026-08-12,2026-08-12
3f,click,혜택탭,더많은혜택,3444,2381,213,2026-08-12,2026-08-12
3f,conv,혜택탭,더많은혜택,3965,1782,192,2026-08-12,2026-08-12
3f,imp,혜택탭,카테고리별 혜택,616,306,16,2026-08-12,2026-08-12
3f,imp,혜택탭,카테고리별 혜택,76908,7909,216,2026-08-12,2026-08-12
3f,click,혜택탭,카테고리별 혜택,527,498,123,2026-08-12,2026-08-12
3f,conv,혜택탭,카테고리별 혜택,806,333,171,2026-08-12,2026-08-12
3f,imp,system_main,system_main,144769,10379,182,2026-08-13,2026-08-13
3f,click,system_main,더보기,3497,2336,142,2026-08-13,2026-08-13
3f,conv,system_main,신청,5895,2705,153,2026-08-13,2026-08-13
3f,pv,account_layer,account_layer,822529,529133,0,2026-08-13,2026-08-13
3f,imp,account_layer,스와이프,2699068,418300,184,2026-08-13,2026-08-13
3f,click,account_layer,스와이프,4703,3448,152,2026-08-13,2026-08-13
3f,imp,account_layer,가맹점광고,1208144,444888,8,2026-08-13,2026-08-13
3f,click,account_layer,가맹점광고,1067,527,6,2026-08-13,2026-08-13
3f,click,account_layer,가맹점광고,6975,6263,6,2026-08-13,2026-08-13
3f,click,account_layer,가맹점광고,180,175,6,2026-08-13,2026-08-13
3f,imp,선물_보관함,새로운 선물,467334,13704,179,2026-08-13,2026-08-13
3f,click,선물_보관함,새로운 선물,3659,2660,118,2026-08-13,2026-08-13
3f,conv,선물_보관함,새로운 선물,12514,3152,153,2026-08-13,2026-08-13
3f,click,선물_상세,관심 선택,112,98,45,2026-08-13,2026-08-13
3f,click,선물_상세,관심 해제,10,8,7,2026-08-13,2026-08-13
3f,conv,선물_상세,받기,1098,897,106,2026-08-13,2026-08-13
3f,conv,선물_상세,신청,12,11,1,2026-08-13,2026-08-13
3f,imp,CT,스와이프,268701,179026,166,2026-08-13,2026-08-13
3f,click,CT,스와이프,4309,3633,62,2026-08-13,2026-08-13
3f,conv,CT,스와이프,1720,1636,53,2026-08-13,2026-08-13
3f,click,CT,스와이프,84,81,7,2026-08-13,2026-08-13
3f,click,CT,스와이프,15,15,6,2026-08-13,2026-08-13
3f,conv,CT,콘텐츠_상세,683,682,25,2026-08-13,2026-08-13
3f,click,CT,관심_선택,21,17,5,2026-08-13,2026-08-13
3f,imp,혜택탭,더많은혜택,304191,22128,181,2026-08-13,2026-08-13
3f,click,혜택탭,더많은혜택,3547,2502,163,2026-08-13,2026-08-13
3f,conv,혜택탭,더많은혜택,4601,1996,149,2026-08-13,2026-08-13
3f,imp,혜택탭,카테고리별 혜택,620,324,12,2026-08-13,2026-08-13
3f,imp,혜택탭,카테고리별 혜택,77808,8426,171,2026-08-13,2026-08-13
3f,click,혜택탭,카테고리별 혜택,567,535,100,2026-08-13,2026-08-13
3f,conv,혜택탭,카테고리별 혜택,873,371,131,2026-08-13,2026-08-13
3f,imp,system_main,system_main,135667,9426,239,2026-08-14,2026-08-14
3f,click,system_main,더보기,3300,2253,184,2026-08-14,2026-08-14
3f,conv,system_main,신청,5813,2547,206,2026-08-14,2026-08-14
3f,pv,account_layer,account_layer,812137,487680,0,2026-08-14,2026-08-14
3f,imp,account_layer,스와이프,2327261,402253,235,2026-08-14,2026-08-14
3f,click,account_layer,스와이프,4742,3221,199,2026-08-14,2026-08-14
3f,imp,account_layer,가맹점광고,1071894,379028,9,2026-08-14,2026-08-14
3f,click,account_layer,가맹점광고,1005,542,8,2026-08-14,2026-08-14
3f,click,account_layer,가맹점광고,6359,5738,8,2026-08-14,2026-08-14
3f,click,account_layer,가맹점광고,170,164,8,2026-08-14,2026-08-14
3f,imp,선물_보관함,새로운 선물,450280,13871,228,2026-08-14,2026-08-14
3f,click,선물_보관함,새로운 선물,3545,2427,149,2026-08-14,2026-08-14
3f,conv,선물_보관함,새로운 선물,11959,2923,195,2026-08-14,2026-08-14
3f,click,선물_상세,관심 선택,115,101,61,2026-08-14,2026-08-14
3f,click,선물_상세,관심 해제,9,8,9,2026-08-14,2026-08-14
3f,conv,선물_상세,받기,979,893,132,2026-08-14,2026-08-14
3f,conv,선물_상세,신청,12,10,2,2026-08-14,2026-08-14
3f,imp,CT,스와이프,253277,166041,217,2026-08-14,2026-08-14
3f,click,CT,스와이프,3654,3460,84,2026-08-14,2026-08-14
3f,conv,CT,스와이프,1619,1587,67,2026-08-14,2026-08-14
3f,click,CT,스와이프,83,74,10,2026-08-14,2026-08-14
3f,click,CT,스와이프,15,15,8,2026-08-14,2026-08-14
3f,conv,CT,콘텐츠_상세,656,630,32,2026-08-14,2026-08-14
3f,click,CT,관심_선택,19,15,6,2026-08-14,2026-08-14
3f,imp,혜택탭,더많은혜택,273944,22411,229,2026-08-14,2026-08-14
3f,click,혜택탭,더많은혜택,3543,2567,214,2026-08-14,2026-08-14
3f,conv,혜택탭,더많은혜택,4247,1837,186,2026-08-14,2026-08-14
3f,imp,혜택탭,카테고리별 혜택,567,293,16,2026-08-14,2026-08-14
3f,imp,혜택탭,카테고리별 혜택,77732,7795,221,2026-08-14,2026-08-14
3f,click,혜택탭,카테고리별 혜택,507,507,124,2026-08-14,2026-08-14
3f,conv,혜택탭,카테고리별 혜택,836,342,176,2026-08-14,2026-08-14
3f,imp,system_main,system_main,114229,8420,200,2026-08-15,2026-08-15
3f,click,system_main,더보기,2661,2087,160,2026-08-15,2026-08-15
3f,conv,system_main,신청,4928,2293,176,2026-08-15,2026-08-15
3f,pv,account_layer,account_layer,753928,416846,0,2026-08-15,2026-08-15
3f,imp,account_layer,스와이프,2053948,352005,200,2026-08-15,2026-08-15
3f,click,account_layer,스와이프,3894,2952,173,2026-08-15,2026-08-15
3f,imp,account_layer,가맹점광고,993635,358139,8,2026-08-15,2026-08-15
3f,click,account_layer,가맹점광고,929,461,7,2026-08-15,2026-08-15
3f,click,account_layer,가맹점광고,5654,5095,7,2026-08-15,2026-08-15
3f,click,account_layer,가맹점광고,160,151,7,2026-08-15,2026-08-15
3f,imp,선물_보관함,새로운 선물,373927,11935,209,2026-08-15,2026-08-15
3f,click,선물_보관함,새로운 선물,2915,2270,132,2026-08-15,2026-08-15
3f,conv,선물_보관함,새로운 선물,9603,2390,170,2026-08-15,2026-08-15
3f,click,선물_상세,관심 선택,92,83,53,2026-08-15,2026-08-15
3f,click,선물_상세,관심 해제,8,7,8,2026-08-15,2026-08-15
3f,conv,선물_상세,받기,824,739,118,2026-08-15,2026-08-15
3f,conv,선물_상세,신청,10,8,1,2026-08-15,2026-08-15
3f,imp,CT,스와이프,213671,139658,194,2026-08-15,2026-08-15
3f,click,CT,스와이프,3260,2824,71,2026-08-15,2026-08-15
3f,conv,CT,스와이프,1442,1418,60,2026-08-15,2026-08-15
3f,click,CT,스와이프,68,66,9,2026-08-15,2026-08-15
3f,click,CT,스와이프,14,13,7,2026-08-15,2026-08-15
3f,conv,CT,콘텐츠_상세,545,516,28,2026-08-15,2026-08-15
3f,click,CT,관심_선택,17,13,6,2026-08-15,2026-08-15
3f,imp,혜택탭,더많은혜택,247095,19263,205,2026-08-15,2026-08-15
3f,click,혜택탭,더많은혜택,2825,2215,187,2026-08-15,2026-08-15
3f,conv,혜택탭,더많은혜택,3648,1691,168,2026-08-15,2026-08-15
3f,imp,혜택탭,카테고리별 혜택,504,265,14,2026-08-15,2026-08-15
3f,imp,혜택탭,카테고리별 혜택,68052,6654,188,2026-08-15,2026-08-15
3f,click,혜택탭,카테고리별 혜택,456,452,112,2026-08-15,2026-08-15
3f,conv,혜택탭,카테고리별 혜택,792,313,152,2026-08-15,2026-08-15
3f,imp,system_main,system_main,122168,8162,187,2026-08-16,2026-08-16
3f,click,system_main,더보기,2783,2031,153,2026-08-16,2026-08-16
3f,conv,system_main,신청,5128,2197,167,2026-08-16,2026-08-16
3f,pv,account_layer,account_layer,671189,398272,0,2026-08-16,2026-08-16
3f,imp,account_layer,스와이프,2157824,334223,191,2026-08-16,2026-08-16
3f,click,account_layer,스와이프,4105,2956,166,2026-08-16,2026-08-16
3f,imp,account_layer,가맹점광고,898604,365062,8,2026-08-16,2026-08-16
3f,click,account_layer,가맹점광고,909,446,7,2026-08-16,2026-08-16
3f,click,account_layer,가맹점광고,5447,4898,7,2026-08-16,2026-08-16
3f,click,account_layer,가맹점광고,143,142,7,2026-08-16,2026-08-16
3f,imp,선물_보관함,새로운 선물,381646,11982,194,2026-08-16,2026-08-16
3f,click,선물_보관함,새로운 선물,3179,2216,126,2026-08-16,2026-08-16
3f,conv,선물_보관함,새로운 선물,10206,2323,155,2026-08-16,2026-08-16
3f,click,선물_상세,관심 선택,92,80,50,2026-08-16,2026-08-16
3f,click,선물_상세,관심 해제,8,6,8,2026-08-16,2026-08-16
3f,conv,선물_상세,받기,826,720,109,2026-08-16,2026-08-16
3f,conv,선물_상세,신청,10,8,1,2026-08-16,2026-08-16
3f,imp,CT,스와이프,227049,149178,182,2026-08-16,2026-08-16
3f,click,CT,스와이프,3455,2919,68,2026-08-16,2026-08-16
3f,conv,CT,스와이프,1543,1408,54,2026-08-16,2026-08-16
3f,click,CT,스와이프,65,65,8,2026-08-16,2026-08-16
3f,click,CT,스와이프,13,13,7,2026-08-16,2026-08-16
3f,conv,CT,콘텐츠_상세,574,553,26,2026-08-16,2026-08-16
3f,click,CT,관심_선택,16,13,5,2026-08-16,2026-08-16
3f,imp,혜택탭,더많은혜택,243861,19656,191,2026-08-16,2026-08-16
3f,click,혜택탭,더많은혜택,3052,2036,172,2026-08-16,2026-08-16
3f,conv,혜택탭,더많은혜택,3791,1637,156,2026-08-16,2026-08-16
3f,imp,혜택탭,카테고리별 혜택,516,281,13,2026-08-16,2026-08-16
3f,imp,혜택탭,카테고리별 혜택,67521,6532,174,2026-08-16,2026-08-16
3f,click,혜택탭,카테고리별 혜택,438,418,102,2026-08-16,2026-08-16
3f,conv,혜택탭,카테고리별 혜택,748,306,141,2026-08-16,2026-08-16
3f,imp,system_main,system_main,141494,10928,206,2026-08-17,2026-08-17
3f,click,system_main,더보기,3234,2562,158,2026-08-17,2026-08-17
3f,conv,system_main,신청,6434,2608,173,2026-08-17,2026-08-17
3f,pv,account_layer,account_layer,904900,512292,0,2026-08-17,2026-08-17
3f,imp,account_layer,스와이프,2652003,444296,201,2026-08-17,2026-08-17
3f,click,account_layer,스와이프,5267,3623,172,2026-08-17,2026-08-17
3f,imp,account_layer,가맹점광고,1132816,426143,8,2026-08-17,2026-08-17
3f,click,account_layer,가맹점광고,1104,552,7,2026-08-17,2026-08-17
3f,click,account_layer,가맹점광고,6685,6391,7,2026-08-17,2026-08-17
3f,click,account_layer,가맹점광고,186,186,7,2026-08-17,2026-08-17
3f,imp,선물_보관함,새로운 선물,482591,14193,201,2026-08-17,2026-08-17
3f,click,선물_보관함,새로운 선물,3766,2770,134,2026-08-17,2026-08-17
3f,conv,선물_보관함,새로운 선물,12321,2915,165,2026-08-17,2026-08-17
3f,click,선물_상세,관심 선택,125,105,51,2026-08-17,2026-08-17
3f,click,선물_상세,관심 해제,10,8,8,2026-08-17,2026-08-17
3f,conv,선물_상세,받기,1022,913,120,2026-08-17,2026-08-17
3f,conv,선물_상세,신청,12,10,1,2026-08-17,2026-08-17
3f,imp,CT,스와이프,268296,167368,194,2026-08-17,2026-08-17
3f,click,CT,스와이프,4352,3661,73,2026-08-17,2026-08-17
3f,conv,CT,스와이프,1805,1744,60,2026-08-17,2026-08-17
3f,click,CT,스와이프,83,83,8,2026-08-17,2026-08-17
3f,click,CT,스와이프,16,16,7,2026-08-17,2026-08-17
3f,conv,CT,콘텐츠_상세,708,658,28,2026-08-17,2026-08-17
3f,click,CT,관심_선택,20,18,6,2026-08-17,2026-08-17
3f,imp,혜택탭,더많은혜택,284151,24824,203,2026-08-17,2026-08-17
3f,click,혜택탭,더많은혜택,3641,2492,183,2026-08-17,2026-08-17
3f,conv,혜택탭,더많은혜택,4684,2029,163,2026-08-17,2026-08-17
3f,imp,혜택탭,카테고리별 혜택,681,342,14,2026-08-17,2026-08-17
3f,imp,혜택탭,카테고리별 혜택,80279,8530,195,2026-08-17,2026-08-17
3f,click,혜택탭,카테고리별 혜택,605,536,115,2026-08-17,2026-08-17
3f,conv,혜택탭,카테고리별 혜택,898,402,151,2026-08-17,2026-08-17
3f,imp,system_main,system_main,142954,9835,168,2026-08-18,2026-08-18
3f,click,system_main,더보기,3156,2257,132,2026-08-18,2026-08-18
3f,conv,system_main,신청,5775,2591,142,2026-08-18,2026-08-18
3f,pv,account_layer,account_layer,822421,486960,0,2026-08-18,2026-08-18
3f,imp,account_layer,스와이프,2498723,413820,173,2026-08-18,2026-08-18
3f,click,account_layer,스와이프,4810,3335,143,2026-08-18,2026-08-18
3f,imp,account_layer,가맹점광고,1080104,400030,7,2026-08-18,2026-08-18
3f,click,account_layer,가맹점광고,1066,542,6,2026-08-18,2026-08-18
3f,click,account_layer,가맹점광고,6007,6007,6,2026-08-18,2026-08-18
3f,click,account_layer,가맹점광고,186,171,6,2026-08-18,2026-08-18
3f,imp,선물_보관함,새로운 선물,432591,12525,166,2026-08-18,2026-08-18
3f,click,선물_보관함,새로운 선물,3579,2546,108,2026-08-18,2026-08-18
3f,conv,선물_보관함,새로운 선물,11762,2896,144,2026-08-18,2026-08-18
3f,click,선물_상세,관심 선택,108,93,44,2026-08-18,2026-08-18
3f,click,선물_상세,관심 해제,9,8,7,2026-08-18,2026-08-18
3f,conv,선물_상세,받기,992,907,99,2026-08-18,2026-08-18
3f,conv,선물_상세,신청,12,10,1,2026-08-18,2026-08-18
3f,imp,CT,스와이프,249656,158805,157,2026-08-18,2026-08-18
3f,click,CT,스와이프,3757,3298,61,2026-08-18,2026-08-18
3f,conv,CT,스와이프,1635,1565,49,2026-08-18,2026-08-18
3f,click,CT,스와이프,80,80,7,2026-08-18,2026-08-18
3f,click,CT,스와이프,15,15,6,2026-08-18,2026-08-18
3f,conv,CT,콘텐츠_상세,605,605,24,2026-08-18,2026-08-18
3f,click,CT,관심_선택,19,16,5,2026-08-18,2026-08-18
3f,imp,혜택탭,더많은혜택,289400,21229,169,2026-08-18,2026-08-18
3f,click,혜택탭,더많은혜택,3512,2414,152,2026-08-18,2026-08-18
3f,conv,혜택탭,더많은혜택,4120,1844,142,2026-08-18,2026-08-18
3f,imp,혜택탭,카테고리별 혜택,644,327,12,2026-08-18,2026-08-18
3f,imp,혜택탭,카테고리별 혜택,80435,8394,161,2026-08-18,2026-08-18
3f,click,혜택탭,카테고리별 혜택,521,498,96,2026-08-18,2026-08-18
3f,conv,혜택탭,카테고리별 혜택,899,366,127,2026-08-18,2026-08-18
3f,imp,system_main,system_main,141644,9628,153,2026-08-19,2026-08-19
3f,click,system_main,더보기,3460,2329,121,2026-08-19,2026-08-19
3f,conv,system_main,신청,6249,2699,133,2026-08-19,2026-08-19
3f,pv,account_layer,account_layer,874262,479351,0,2026-08-19,2026-08-19
3f,imp,account_layer,스와이프,2754412,449444,153,2026-08-19,2026-08-19
3f,click,account_layer,스와이프,4816,3435,133,2026-08-19,2026-08-19
3f,imp,account_layer,가맹점광고,1155966,423486,6,2026-08-19,2026-08-19
3f,click,account_layer,가맹점광고,1037,554,5,2026-08-19,2026-08-19
3f,click,account_layer,가맹점광고,6495,6495,5,2026-08-19,2026-08-19
3f,click,account_layer,가맹점광고,183,183,5,2026-08-19,2026-08-19
3f,imp,선물_보관함,새로운 선물,445632,13462,155,2026-08-19,2026-08-19
3f,click,선물_보관함,새로운 선물,3758,2634,100,2026-08-19,2026-08-19
3f,conv,선물_보관함,새로운 선물,12408,2911,124,2026-08-19,2026-08-19
3f,click,선물_상세,관심 선택,122,105,39,2026-08-19,2026-08-19
3f,click,선물_상세,관심 해제,10,8,7,2026-08-19,2026-08-19
3f,conv,선물_상세,받기,1009,893,91,2026-08-19,2026-08-19
3f,conv,선물_상세,신청,13,11,1,2026-08-19,2026-08-19
3f,imp,CT,스와이프,280600,165032,146,2026-08-19,2026-08-19
3f,click,CT,스와이프,4238,3629,53,2026-08-19,2026-08-19
3f,conv,CT,스와이프,1714,1647,45,2026-08-19,2026-08-19
3f,click,CT,스와이프,85,83,7,2026-08-19,2026-08-19
3f,click,CT,스와이프,15,15,5,2026-08-19,2026-08-19
3f,conv,CT,콘텐츠_상세,672,672,21,2026-08-19,2026-08-19
3f,click,CT,관심_선택,20,16,4,2026-08-19,2026-08-19
3f,imp,혜택탭,더많은혜택,294586,22986,155,2026-08-19,2026-08-19
3f,click,혜택탭,더많은혜택,3768,2516,143,2026-08-19,2026-08-19
3f,conv,혜택탭,더많은혜택,4302,1877,127,2026-08-19,2026-08-19
3f,imp,혜택탭,카테고리별 혜택,671,340,10,2026-08-19,2026-08-19
3f,imp,혜택탭,카테고리별 혜택,83699,8414,140,2026-08-19,2026-08-19
3f,click,혜택탭,카테고리별 혜택,601,514,82,2026-08-19,2026-08-19
3f,conv,혜택탭,카테고리별 혜택,929,398,116,2026-08-19,2026-08-19
3f,imp,system_main,system_main,67741,5061,232,2026-08-20,2026-08-20
3f,click,system_main,더보기,1606,1088,185,2026-08-20,2026-08-20
3f,conv,system_main,신청,2827,1200,193,2026-08-20,2026-08-20
3f,pv,account_layer,account_layer,391710,231720,0,2026-08-20,2026-08-20
3f,imp,account_layer,스와이프,1159022,201680,230,2026-08-20,2026-08-20
3f,click,account_layer,스와이프,2303,1646,190,2026-08-20,2026-08-20
3f,imp,account_layer,가맹점광고,524867,191414,10,2026-08-20,2026-08-20
3f,click,account_layer,가맹점광고,513,266,8,2026-08-20,2026-08-20
3f,click,account_layer,가맹점광고,2938,2859,8,2026-08-20,2026-08-20
3f,click,account_layer,가맹점광고,91,88,8,2026-08-20,2026-08-20
3f,imp,선물_보관함,새로운 선물,214836,6524,232,2026-08-20,2026-08-20
3f,click,선물_보관함,새로운 선물,1767,1335,146,2026-08-20,2026-08-20
3f,conv,선물_보관함,새로운 선물,5589,1455,192,2026-08-20,2026-08-20
3f,click,선물_상세,관심 선택,54,50,54,2026-08-20,2026-08-20
3f,click,선물_상세,관심 해제,5,4,5,2026-08-20,2026-08-20
3f,conv,선물_상세,받기,472,411,131,2026-08-20,2026-08-20
3f,conv,선물_상세,신청,6,5,2,2026-08-20,2026-08-20
3f,imp,CT,스와이프,129052,77482,220,2026-08-20,2026-08-20
3f,click,CT,스와이프,1935,1576,83,2026-08-20,2026-08-20
3f,conv,CT,스와이프,867,738,65,2026-08-20,2026-08-20
3f,click,CT,스와이프,39,38,10,2026-08-20,2026-08-20
3f,click,CT,스와이프,7,7,7,2026-08-20,2026-08-20
3f,conv,CT,콘텐츠_상세,308,308,31,2026-08-20,2026-08-20
3f,click,CT,관심_선택,9,8,6,2026-08-20,2026-08-20
3f,imp,혜택탭,더많은혜택,137102,11113,223,2026-08-20,2026-08-20
3f,click,혜택탭,더많은혜택,1611,1180,210,2026-08-20,2026-08-20
3f,conv,혜택탭,더많은혜택,2110,935,185,2026-08-20,2026-08-20
3f,imp,혜택탭,카테고리별 혜택,292,154,16,2026-08-20,2026-08-20
3f,imp,혜택탭,카테고리별 혜택,40236,3783,210,2026-08-20,2026-08-20
3f,click,혜택탭,카테고리별 혜택,283,240,123,2026-08-20,2026-08-20
3f,conv,혜택탭,카테고리별 혜택,406,185,168,2026-08-20,2026-08-20
3f,imp,system_main,system_main,139345,9722,159,2026-08-21,2026-08-21
3f,click,system_main,더보기,3308,2512,126,2026-08-21,2026-08-21
3f,conv,system_main,신청,5914,2684,143,2026-08-21,2026-08-21
3f,pv,account_layer,account_layer,877467,469906,0,2026-08-21,2026-08-21
3f,imp,account_layer,스와이프,2492773,438192,167,2026-08-21,2026-08-21
3f,click,account_layer,스와이프,4946,3633,138,2026-08-21,2026-08-21
3f,imp,account_layer,가맹점광고,1170174,431273,7,2026-08-21,2026-08-21
3f,click,account_layer,가맹점광고,1055,583,6,2026-08-21,2026-08-21
3f,click,account_layer,가맹점광고,6579,6473,6,2026-08-21,2026-08-21
3f,click,account_layer,가맹점광고,196,182,6,2026-08-21,2026-08-21
3f,imp,선물_보관함,새로운 선물,450023,13828,168,2026-08-21,2026-08-21
3f,click,선물_보관함,새로운 선물,3588,2722,108,2026-08-21,2026-08-21
3f,conv,선물_보관함,새로운 선물,11770,3146,137,2026-08-21,2026-08-21
3f,click,선물_상세,관심 선택,113,106,41,2026-08-21,2026-08-21
3f,click,선물_상세,관심 해제,9,8,7,2026-08-21,2026-08-21
3f,conv,선물_상세,받기,1032,952,97,2026-08-21,2026-08-21
3f,conv,선물_상세,신청,12,10,1,2026-08-21,2026-08-21
3f,imp,CT,스와이프,261954,172504,149,2026-08-21,2026-08-21
3f,click,CT,스와이프,4240,3524,59,2026-08-21,2026-08-21
3f,conv,CT,스와이프,1696,1650,47,2026-08-21,2026-08-21
3f,click,CT,스와이프,80,80,7,2026-08-21,2026-08-21
3f,click,CT,스와이프,16,16,6,2026-08-21,2026-08-21
3f,conv,CT,콘텐츠_상세,694,667,23,2026-08-21,2026-08-21
3f,click,CT,관심_선택,20,17,5,2026-08-21,2026-08-21
3f,imp,혜택탭,더많은혜택,277083,24535,166,2026-08-21,2026-08-21
3f,click,혜택탭,더많은혜택,3435,2721,151,2026-08-21,2026-08-21
3f,conv,혜택탭,더많은혜택,4357,2048,131,2026-08-21,2026-08-21
3f,imp,혜택탭,카테고리별 혜택,636,321,11,2026-08-21,2026-08-21
3f,imp,혜택탭,카테고리별 혜택,83977,8098,152,2026-08-21,2026-08-21
3f,click,혜택탭,카테고리별 혜택,573,507,92,2026-08-21,2026-08-21
3f,conv,혜택탭,카테고리별 혜택,881,360,119,2026-08-21,2026-08-21
3f,imp,system_main,system_main,116912,8390,151,2026-08-22,2026-08-22
3f,click,system_main,더보기,2895,2018,115,2026-08-22,2026-08-22
3f,conv,system_main,신청,5283,2325,129,2026-08-22,2026-08-22
3f,pv,account_layer,account_layer,704234,404968,0,2026-08-22,2026-08-22
3f,imp,account_layer,스와이프,2324556,382010,143,2026-08-22,2026-08-22
3f,click,account_layer,스와이프,4423,3243,122,2026-08-22,2026-08-22
3f,imp,account_layer,가맹점광고,940484,360573,6,2026-08-22,2026-08-22
3f,click,account_layer,가맹점광고,899,468,5,2026-08-22,2026-08-22
3f,click,account_layer,가맹점광고,5403,5403,5,2026-08-22,2026-08-22
3f,click,account_layer,가맹점광고,160,160,5,2026-08-22,2026-08-22
3f,imp,선물_보관함,새로운 선물,400852,12161,148,2026-08-22,2026-08-22
3f,click,선물_보관함,새로운 선물,3098,2296,95,2026-08-22,2026-08-22
3f,conv,선물_보관함,새로운 선물,10349,2648,120,2026-08-22,2026-08-22
3f,click,선물_상세,관심 선택,102,90,38,2026-08-22,2026-08-22
3f,click,선물_상세,관심 해제,8,7,6,2026-08-22,2026-08-22
3f,conv,선물_상세,받기,892,741,85,2026-08-22,2026-08-22
3f,conv,선물_상세,신청,10,9,1,2026-08-22,2026-08-22
3f,imp,CT,스와이프,233457,157265,140,2026-08-22,2026-08-22
3f,click,CT,스와이프,3361,2894,51,2026-08-22,2026-08-22
3f,conv,CT,스와이프,1548,1319,42,2026-08-22,2026-08-22
3f,click,CT,스와이프,75,66,6,2026-08-22,2026-08-22
3f,click,CT,스와이프,14,14,5,2026-08-22,2026-08-22
3f,conv,CT,콘텐츠_상세,556,527,20,2026-08-22,2026-08-22
3f,click,CT,관심_선택,18,13,4,2026-08-22,2026-08-22
3f,imp,혜택탭,더많은혜택,256646,19087,144,2026-08-22,2026-08-22
3f,click,혜택탭,더많은혜택,2866,2153,133,2026-08-22,2026-08-22
3f,conv,혜택탭,더많은혜택,3875,1756,122,2026-08-22,2026-08-22
3f,imp,혜택탭,카테고리별 혜택,571,287,10,2026-08-22,2026-08-22
3f,imp,혜택탭,카테고리별 혜택,73360,7464,137,2026-08-22,2026-08-22
3f,click,혜택탭,카테고리별 혜택,505,434,78,2026-08-22,2026-08-22
3f,conv,혜택탭,카테고리별 혜택,807,304,107,2026-08-22,2026-08-22
3f,imp,system_main,system_main,135455,9445,195,2026-08-23,2026-08-23
3f,click,system_main,더보기,3217,2263,152,2026-08-23,2026-08-23
3f,conv,system_main,신청,5534,2467,167,2026-08-23,2026-08-23
3f,pv,account_layer,account_layer,818128,480034,0,2026-08-23,2026-08-23
3f,imp,account_layer,스와이프,2477681,407013,196,2026-08-23,2026-08-23
3f,click,account_layer,스와이프,4822,3664,159,2026-08-23,2026-08-23
3f,imp,account_layer,가맹점광고,1050705,409675,8,2026-08-23,2026-08-23
3f,click,account_layer,가맹점광고,1093,512,7,2026-08-23,2026-08-23
3f,click,account_layer,가맹점광고,6448,5931,7,2026-08-23,2026-08-23
3f,click,account_layer,가맹점광고,189,182,7,2026-08-23,2026-08-23
3f,imp,선물_보관함,새로운 선물,452023,12926,197,2026-08-23,2026-08-23
3f,click,선물_보관함,새로운 선물,3764,2543,128,2026-08-23,2026-08-23
3f,conv,선물_보관함,새로운 선물,11714,2806,157,2026-08-23,2026-08-23
3f,click,선물_상세,관심 선택,106,101,49,2026-08-23,2026-08-23
3f,click,선물_상세,관심 해제,9,8,8,2026-08-23,2026-08-23
3f,conv,선물_상세,받기,957,926,113,2026-08-23,2026-08-23
3f,conv,선물_상세,신청,12,10,1,2026-08-23,2026-08-23
3f,imp,CT,스와이프,251725,161272,179,2026-08-23,2026-08-23
3f,click,CT,스와이프,4122,3366,67,2026-08-23,2026-08-23
3f,conv,CT,스와이프,1751,1624,55,2026-08-23,2026-08-23
3f,click,CT,스와이프,80,80,8,2026-08-23,2026-08-23
3f,click,CT,스와이프,15,15,7,2026-08-23,2026-08-23
3f,conv,CT,콘텐츠_상세,610,610,26,2026-08-23,2026-08-23
3f,click,CT,관심_선택,19,16,5,2026-08-23,2026-08-23
3f,imp,혜택탭,더많은혜택,272813,21387,193,2026-08-23,2026-08-23
3f,click,혜택탭,더많은혜택,3501,2369,175,2026-08-23,2026-08-23
3f,conv,혜택탭,더많은혜택,4478,1833,156,2026-08-23,2026-08-23
3f,imp,혜택탭,카테고리별 혜택,582,314,13,2026-08-23,2026-08-23
3f,imp,혜택탭,카테고리별 혜택,81012,7957,176,2026-08-23,2026-08-23
3f,click,혜택탭,카테고리별 혜택,523,481,103,2026-08-23,2026-08-23
3f,conv,혜택탭,카테고리별 혜택,824,355,144,2026-08-23,2026-08-23
3f,imp,system_main,system_main,126082,9506,144,2026-08-24,2026-08-24
3f,click,system_main,더보기,2936,2120,110,2026-08-24,2026-08-24
3f,conv,system_main,신청,5332,2384,121,2026-08-24,2026-08-24
3f,pv,account_layer,account_layer,787496,460028,0,2026-08-24,2026-08-24
3f,imp,account_layer,스와이프,2282643,397531,138,2026-08-24,2026-08-24
3f,click,account_layer,스와이프,4445,3069,121,2026-08-24,2026-08-24
3f,imp,account_layer,가맹점광고,1004678,392737,6,2026-08-24,2026-08-24
3f,click,account_layer,가맹점광고,1005,464,5,2026-08-24,2026-08-24
3f,click,account_layer,가맹점광고,5799,5799,5,2026-08-24,2026-08-24
3f,click,account_layer,가맹점광고,155,155,5,2026-08-24,2026-08-24
3f,imp,선물_보관함,새로운 선물,426045,12971,136,2026-08-24,2026-08-24
3f,click,선물_보관함,새로운 선물,3288,2418,91,2026-08-24,2026-08-24
3f,conv,선물_보관함,새로운 선물,10711,2729,113,2026-08-24,2026-08-24
3f,click,선물_상세,관심 선택,101,94,36,2026-08-24,2026-08-24
3f,click,선물_상세,관심 해제,8,8,6,2026-08-24,2026-08-24
3f,conv,선물_상세,받기,933,805,83,2026-08-24,2026-08-24
3f,conv,선물_상세,신청,11,9,1,2026-08-24,2026-08-24
3f,imp,CT,스와이프,223511,160091,134,2026-08-24,2026-08-24
3f,click,CT,스와이프,3537,3108,51,2026-08-24,2026-08-24
3f,conv,CT,스와이프,1515,1472,40,2026-08-24,2026-08-24
3f,click,CT,스와이프,73,73,6,2026-08-24,2026-08-24
3f,click,CT,스와이프,13,13,5,2026-08-24,2026-08-24
3f,conv,CT,콘텐츠_상세,579,569,19,2026-08-24,2026-08-24
3f,click,CT,관심_선택,18,15,4,2026-08-24,2026-08-24
3f,imp,혜택탭,더많은혜택,267941,19431,136,2026-08-24,2026-08-24
3f,click,혜택탭,더많은혜택,3156,2141,127,2026-08-24,2026-08-24
3f,conv,혜택탭,더많은혜택,4127,1700,117,2026-08-24,2026-08-24
3f,imp,혜택탭,카테고리별 혜택,551,300,10,2026-08-24,2026-08-24
3f,imp,혜택탭,카테고리별 혜택,67793,7241,131,2026-08-24,2026-08-24
3f,click,혜택탭,카테고리별 혜택,494,467,78,2026-08-24,2026-08-24
3f,conv,혜택탭,카테고리별 혜택,806,319,105,2026-08-24,2026-08-24
3f,imp,system_main,system_main,136207,10173,205,2026-08-25,2026-08-25
3f,click,system_main,더보기,3248,2304,162,2026-08-25,2026-08-25
3f,conv,system_main,신청,5993,2600,174,2026-08-25,2026-08-25
3f,pv,account_layer,account_layer,771743,456412,0,2026-08-25,2026-08-25
3f,imp,account_layer,스와이프,2590281,407757,203,2026-08-25,2026-08-25
3f,click,account_layer,스와이프,4705,3502,169,2026-08-25,2026-08-25
3f,imp,account_layer,가맹점광고,1075732,405144,8,2026-08-25,2026-08-25
3f,click,account_layer,가맹점광고,1043,527,7,2026-08-25,2026-08-25
3f,click,account_layer,가맹점광고,6300,5769,7,2026-08-25,2026-08-25
3f,click,account_layer,가맹점광고,170,164,7,2026-08-25,2026-08-25
3f,imp,선물_보관함,새로운 선물,439875,13870,208,2026-08-25,2026-08-25
3f,click,선물_보관함,새로운 선물,3641,2496,132,2026-08-25,2026-08-25
3f,conv,선물_보관함,새로운 선물,11449,2715,166,2026-08-25,2026-08-25
3f,click,선물_상세,관심 선택,114,99,53,2026-08-25,2026-08-25
3f,click,선물_상세,관심 해제,9,8,8,2026-08-25,2026-08-25
3f,conv,선물_상세,받기,1012,864,118,2026-08-25,2026-08-25
3f,conv,선물_상세,신청,12,10,1,2026-08-25,2026-08-25
3f,imp,CT,스와이프,256675,154992,191,2026-08-25,2026-08-25
3f,click,CT,스와이프,3855,3174,72,2026-08-25,2026-08-25
3f,conv,CT,스와이프,1584,1536,58,2026-08-25,2026-08-25
3f,click,CT,스와이프,78,74,8,2026-08-25,2026-08-25
3f,click,CT,스와이프,14,14,7,2026-08-25,2026-08-25
3f,conv,CT,콘텐츠_상세,625,625,28,2026-08-25,2026-08-25
3f,click,CT,관심_선택,19,15,6,2026-08-25,2026-08-25
3f,imp,혜택탭,더많은혜택,262868,21326,198,2026-08-25,2026-08-25
3f,click,혜택탭,더많은혜택,3453,2398,188,2026-08-25,2026-08-25
3f,conv,혜택탭,더많은혜택,4233,1860,168,2026-08-25,2026-08-25
3f,imp,혜택탭,카테고리별 혜택,608,323,14,2026-08-25,2026-08-25
3f,imp,혜택탭,카테고리별 혜택,75612,7929,191,2026-08-25,2026-08-25
3f,click,혜택탭,카테고리별 혜택,528,483,114,2026-08-25,2026-08-25
3f,conv,혜택탭,카테고리별 혜택,869,338,152,2026-08-25,2026-08-25
3f,imp,system_main,system_main,140608,9494,217,2026-08-26,2026-08-26
3f,click,system_main,더보기,3200,2307,174,2026-08-26,2026-08-26
3f,conv,system_main,신청,5475,2499,187,2026-08-26,2026-08-26
3f,pv,account_layer,account_layer,846303,450721,0,2026-08-26,2026-08-26
3f,imp,account_layer,스와이프,2527223,411392,227,2026-08-26,2026-08-26
3f,click,account_layer,스와이프,4810,3566,187,2026-08-26,2026-08-26
3f,imp,account_layer,가맹점광고,1058274,383831,9,2026-08-26,2026-08-26
3f,click,account_layer,가맹점광고,1043,534,8,2026-08-26,2026-08-26
3f,click,account_layer,가맹점광고,6128,6128,8,2026-08-26,2026-08-26
3f,click,account_layer,가맹점광고,170,170,7,2026-08-26,2026-08-26
3f,imp,선물_보관함,새로운 선물,432690,13583,219,2026-08-26,2026-08-26
3f,click,선물_보관함,새로운 선물,3616,2423,146,2026-08-26,2026-08-26
3f,conv,선물_보관함,새로운 선물,11325,2736,186,2026-08-26,2026-08-26
3f,click,선물_상세,관심 선택,106,96,55,2026-08-26,2026-08-26
3f,click,선물_상세,관심 해제,9,8,9,2026-08-26,2026-08-26
3f,conv,선물_상세,받기,981,820,127,2026-08-26,2026-08-26
3f,conv,선물_상세,신청,12,10,2,2026-08-26,2026-08-26
3f,imp,CT,스와이프,259410,158730,210,2026-08-26,2026-08-26
3f,click,CT,스와이프,3929,3185,77,2026-08-26,2026-08-26
3f,conv,CT,스와이프,1781,1506,66,2026-08-26,2026-08-26
3f,click,CT,스와이프,80,75,9,2026-08-26,2026-08-26
3f,click,CT,스와이프,14,14,8,2026-08-26,2026-08-26
3f,conv,CT,콘텐츠_상세,621,621,31,2026-08-26,2026-08-26
3f,click,CT,관심_선택,18,15,6,2026-08-26,2026-08-26
3f,imp,혜택탭,더많은혜택,282069,22085,216,2026-08-26,2026-08-26
3f,click,혜택탭,더많은혜택,3313,2472,197,2026-08-26,2026-08-26
3f,conv,혜택탭,더많은혜택,4318,1835,175,2026-08-26,2026-08-26
3f,imp,혜택탭,카테고리별 혜택,638,298,15,2026-08-26,2026-08-26
3f,imp,혜택탭,카테고리별 혜택,75030,7986,205,2026-08-26,2026-08-26
3f,click,혜택탭,카테고리별 혜택,568,520,119,2026-08-26,2026-08-26
3f,conv,혜택탭,카테고리별 혜택,888,349,162,2026-08-26,2026-08-26
3f,imp,system_main,system_main,145458,10532,227,2026-08-27,2026-08-27
3f,click,system_main,더보기,3208,2550,172,2026-08-27,2026-08-27
3f,conv,system_main,신청,6033,2579,191,2026-08-27,2026-08-27
3f,pv,account_layer,account_layer,915650,522186,0,2026-08-27,2026-08-27
3f,imp,account_layer,스와이프,2649546,440833,228,2026-08-27,2026-08-27
3f,click,account_layer,스와이프,5300,3505,184,2026-08-27,2026-08-27
3f,imp,account_layer,가맹점광고,1212343,427899,9,2026-08-27,2026-08-27
3f,click,account_layer,가맹점광고,1143,538,8,2026-08-27,2026-08-27
3f,click,account_layer,가맹점광고,6830,6127,8,2026-08-27,2026-08-27
3f,click,account_layer,가맹점광고,184,184,8,2026-08-27,2026-08-27
3f,imp,선물_보관함,새로운 선물,464465,13846,220,2026-08-27,2026-08-27
3f,click,선물_보관함,새로운 선물,3865,2863,146,2026-08-27,2026-08-27
3f,conv,선물_보관함,새로운 선물,13011,3024,181,2026-08-27,2026-08-27
3f,click,선물_상세,관심 선택,111,108,58,2026-08-27,2026-08-27
3f,click,선물_상세,관심 해제,9,8,9,2026-08-27,2026-08-27
3f,conv,선물_상세,받기,1086,941,127,2026-08-27,2026-08-27
3f,conv,선물_상세,신청,13,10,2,2026-08-27,2026-08-27
3f,imp,CT,스와이프,258588,185929,204,2026-08-27,2026-08-27
3f,click,CT,스와이프,4216,3782,80,2026-08-27,2026-08-27
3f,conv,CT,스와이프,1837,1729,66,2026-08-27,2026-08-27
3f,click,CT,스와이프,89,84,9,2026-08-27,2026-08-27
3f,click,CT,스와이프,15,15,8,2026-08-27,2026-08-27
3f,conv,CT,콘텐츠_상세,712,630,31,2026-08-27,2026-08-27
3f,click,CT,관심_선택,20,16,6,2026-08-27,2026-08-27
3f,imp,혜택탭,더많은혜택,295997,23906,220,2026-08-27,2026-08-27
3f,click,혜택탭,더많은혜택,3601,2557,201,2026-08-27,2026-08-27
3f,conv,혜택탭,더많은혜택,4318,2055,182,2026-08-27,2026-08-27
3f,imp,혜택탭,카테고리별 혜택,677,314,15,2026-08-27,2026-08-27
3f,imp,혜택탭,카테고리별 혜택,80066,8037,206,2026-08-27,2026-08-27
3f,click,혜택탭,카테고리별 혜택,575,548,120,2026-08-27,2026-08-27
3f,conv,혜택탭,카테고리별 혜택,947,379,163,2026-08-27,2026-08-27
3f,imp,system_main,system_main,126604,9722,219,2026-08-28,2026-08-28
3f,click,system_main,더보기,2948,2312,170,2026-08-28,2026-08-28
3f,conv,system_main,신청,5575,2373,185,2026-08-28,2026-08-28
3f,pv,account_layer,account_layer,828052,479828,0,2026-08-28,2026-08-28
3f,imp,account_layer,스와이프,2406854,392240,213,2026-08-28,2026-08-28
3f,click,account_layer,스와이프,4776,3345,184,2026-08-28,2026-08-28
3f,imp,account_layer,가맹점광고,1096598,396550,9,2026-08-28,2026-08-28
3f,click,account_layer,가맹점광고,1052,485,8,2026-08-28,2026-08-28
3f,click,account_layer,가맹점광고,6401,5965,7,2026-08-28,2026-08-28
3f,click,account_layer,가맹점광고,167,167,7,2026-08-28,2026-08-28
3f,imp,선물_보관함,새로운 선물,445639,13506,211,2026-08-28,2026-08-28
3f,click,선물_보관함,새로운 선물,3243,2416,140,2026-08-28,2026-08-28
3f,conv,선물_보관함,새로운 선물,11661,2632,180,2026-08-28,2026-08-28
3f,click,선물_상세,관심 선택,111,99,53,2026-08-28,2026-08-28
3f,click,선물_상세,관심 해제,9,8,9,2026-08-28,2026-08-28
3f,conv,선물_상세,받기,1012,801,123,2026-08-28,2026-08-28
3f,conv,선물_상세,신청,11,10,1,2026-08-28,2026-08-28
3f,imp,CT,스와이프,253915,160002,205,2026-08-28,2026-08-28
3f,click,CT,스와이프,3602,3287,77,2026-08-28,2026-08-28
3f,conv,CT,스와이프,1750,1459,64,2026-08-28,2026-08-28
3f,click,CT,스와이프,80,70,9,2026-08-28,2026-08-28
3f,click,CT,스와이프,15,15,7,2026-08-28,2026-08-28
3f,conv,CT,콘텐츠_상세,613,598,29,2026-08-28,2026-08-28
3f,click,CT,관심_선택,18,15,6,2026-08-28,2026-08-28
3f,imp,혜택탭,더많은혜택,252320,21414,212,2026-08-28,2026-08-28
3f,click,혜택탭,더많은혜택,3207,2485,197,2026-08-28,2026-08-28
3f,conv,혜택탭,더많은혜택,3967,1706,173,2026-08-28,2026-08-28
3f,imp,혜택탭,카테고리별 혜택,614,318,15,2026-08-28,2026-08-28
3f,imp,혜택탭,카테고리별 혜택,79092,7620,205,2026-08-28,2026-08-28
3f,click,혜택탭,카테고리별 혜택,504,475,116,2026-08-28,2026-08-28
3f,conv,혜택탭,카테고리별 혜택,837,364,160,2026-08-28,2026-08-28
3f,imp,system_main,system_main,135926,9980,205,2026-08-29,2026-08-29
3f,click,system_main,더보기,3406,2410,162,2026-08-29,2026-08-29
3f,conv,system_main,신청,5947,2618,170,2026-08-29,2026-08-29
3f,pv,account_layer,account_layer,867329,460053,0,2026-08-29,2026-08-29
3f,imp,account_layer,스와이프,2567843,393917,199,2026-08-29,2026-08-29
3f,click,account_layer,스와이프,5012,3307,172,2026-08-29,2026-08-29
3f,imp,account_layer,가맹점광고,1159567,394504,8,2026-08-29,2026-08-29
3f,click,account_layer,가맹점광고,1081,540,7,2026-08-29,2026-08-29
3f,click,account_layer,가맹점광고,6030,6030,7,2026-08-29,2026-08-29
3f,click,account_layer,가맹점광고,180,179,7,2026-08-29,2026-08-29
3f,imp,선물_보관함,새로운 선물,429503,13551,210,2026-08-29,2026-08-29
3f,click,선물_보관함,새로운 선물,3787,2695,130,2026-08-29,2026-08-29
3f,conv,선물_보관함,새로운 선물,11628,2927,166,2026-08-29,2026-08-29
3f,click,선물_상세,관심 선택,113,96,52,2026-08-29,2026-08-29
3f,click,선물_상세,관심 해제,9,8,8,2026-08-29,2026-08-29
3f,conv,선물_상세,받기,971,833,117,2026-08-29,2026-08-29
3f,conv,선물_상세,신청,12,10,1,2026-08-29,2026-08-29
3f,imp,CT,스와이프,248848,177630,194,2026-08-29,2026-08-29
3f,click,CT,스와이프,4139,3285,70,2026-08-29,2026-08-29
3f,conv,CT,스와이프,1726,1622,59,2026-08-29,2026-08-29
3f,click,CT,스와이프,77,77,9,2026-08-29,2026-08-29
3f,click,CT,스와이프,16,14,7,2026-08-29,2026-08-29
3f,conv,CT,콘텐츠_상세,670,621,29,2026-08-29,2026-08-29
3f,click,CT,관심_선택,18,16,6,2026-08-29,2026-08-29
3f,imp,혜택탭,더많은혜택,268623,21387,197,2026-08-29,2026-08-29
3f,click,혜택탭,더많은혜택,3389,2425,186,2026-08-29,2026-08-29
3f,conv,혜택탭,더많은혜택,4201,1967,163,2026-08-29,2026-08-29
3f,imp,혜택탭,카테고리별 혜택,631,325,14,2026-08-29,2026-08-29
3f,imp,혜택탭,카테고리별 혜택,80135,7652,192,2026-08-29,2026-08-29
3f,click,혜택탭,카테고리별 혜택,565,478,109,2026-08-29,2026-08-29
3f,conv,혜택탭,카테고리별 혜택,849,368,154,2026-08-29,2026-08-29
3f,imp,system_main,system_main,128547,9700,175,2026-08-30,2026-08-30
3f,click,system_main,더보기,3227,2204,135,2026-08-30,2026-08-30
3f,conv,system_main,신청,6086,2615,150,2026-08-30,2026-08-30
3f,pv,account_layer,account_layer,809313,460015,0,2026-08-30,2026-08-30
3f,imp,account_layer,스와이프,2513520,421520,176,2026-08-30,2026-08-30
3f,click,account_layer,스와이프,4735,3367,152,2026-08-30,2026-08-30
3f,imp,account_layer,가맹점광고,1131631,386748,7,2026-08-30,2026-08-30
3f,click,account_layer,가맹점광고,1029,514,6,2026-08-30,2026-08-30
3f,click,account_layer,가맹점광고,6504,6308,6,2026-08-30,2026-08-30
3f,click,account_layer,가맹점광고,180,177,6,2026-08-30,2026-08-30
3f,imp,선물_보관함,새로운 선물,447894,13054,175,2026-08-30,2026-08-30
3f,click,선물_보관함,새로운 선물,3409,2697,112,2026-08-30,2026-08-30
3f,conv,선물_보관함,새로운 선물,11294,2807,149,2026-08-30,2026-08-30
3f,click,선물_상세,관심 선택,105,94,45,2026-08-30,2026-08-30
3f,click,선물_상세,관심 해제,9,8,7,2026-08-30,2026-08-30
3f,conv,선물_상세,받기,984,861,103,2026-08-30,2026-08-30
3f,conv,선물_상세,신청,12,9,1,2026-08-30,2026-08-30
3f,imp,CT,스와이프,237005,158443,161,2026-08-30,2026-08-30
3f,click,CT,스와이프,3921,3415,61,2026-08-30,2026-08-30
3f,conv,CT,스와이프,1656,1467,50,2026-08-30,2026-08-30
3f,click,CT,스와이프,81,80,7,2026-08-30,2026-08-30
3f,click,CT,스와이프,15,14,6,2026-08-30,2026-08-30
3f,conv,CT,콘텐츠_상세,606,579,24,2026-08-30,2026-08-30
3f,click,CT,관심_선택,18,17,5,2026-08-30,2026-08-30
3f,imp,혜택탭,더많은혜택,289349,23114,174,2026-08-30,2026-08-30
3f,click,혜택탭,더많은혜택,3470,2304,162,2026-08-30,2026-08-30
3f,conv,혜택탭,더많은혜택,4070,1936,141,2026-08-30,2026-08-30
3f,imp,혜택탭,카테고리별 혜택,573,326,12,2026-08-30,2026-08-30
3f,imp,혜택탭,카테고리별 혜택,78652,8308,166,2026-08-30,2026-08-30
3f,click,혜택탭,카테고리별 혜택,536,513,98,2026-08-30,2026-08-30
3f,conv,혜택탭,카테고리별 혜택,825,352,133,2026-08-30,2026-08-30
3f,imp,system_main,system_main,141620,10123,172,2026-08-31,2026-08-31
3f,click,system_main,더보기,3309,2354,133,2026-08-31,2026-08-31
3f,conv,system_main,신청,5945,2520,148,2026-08-31,2026-08-31
3f,pv,account_layer,account_layer,815368,463191,0,2026-08-31,2026-08-31
3f,imp,account_layer,스와이프,2489239,422857,171,2026-08-31,2026-08-31
3f,click,account_layer,스와이프,4642,3454,141,2026-08-31,2026-08-31
3f,imp,account_layer,가맹점광고,1086312,401394,7,2026-08-31,2026-08-31
3f,click,account_layer,가맹점광고,1111,523,6,2026-08-31,2026-08-31
3f,click,account_layer,가맹점광고,6343,6343,6,2026-08-31,2026-08-31
3f,click,account_layer,가맹점광고,172,172,6,2026-08-31,2026-08-31
3f,imp,선물_보관함,새로운 선물,432262,12959,168,2026-08-31,2026-08-31
3f,click,선물_보관함,새로운 선물,3648,2522,110,2026-08-31,2026-08-31
3f,conv,선물_보관함,새로운 선물,11613,3001,142,2026-08-31,2026-08-31
3f,click,선물_상세,관심 선택,109,100,43,2026-08-31,2026-08-31
3f,click,선물_상세,관심 해제,9,8,7,2026-08-31,2026-08-31
3f,conv,선물_상세,받기,1064,914,98,2026-08-31,2026-08-31
3f,conv,선물_상세,신청,12,10,1,2026-08-31,2026-08-31
3f,imp,CT,스와이프,261492,167977,161,2026-08-31,2026-08-31
3f,click,CT,스와이프,3787,3347,59,2026-08-31,2026-08-31
3f,conv,CT,스와이프,1717,1590,49,2026-08-31,2026-08-31
3f,click,CT,스와이프,80,79,7,2026-08-31,2026-08-31
3f,click,CT,스와이프,14,14,6,2026-08-31,2026-08-31
3f,conv,CT,콘텐츠_상세,675,612,23,2026-08-31,2026-08-31
3f,click,CT,관심_선택,20,16,5,2026-08-31,2026-08-31
3f,imp,혜택탭,더많은혜택,283537,21116,167,2026-08-31,2026-08-31
3f,click,혜택탭,더많은혜택,3613,2579,158,2026-08-31,2026-08-31
3f,conv,혜택탭,더많은혜택,4135,1936,143,2026-08-31,2026-08-31
3f,imp,혜택탭,카테고리별 혜택,584,325,11,2026-08-31,2026-08-31
3f,imp,혜택탭,카테고리별 혜택,79200,8547,158,2026-08-31,2026-08-31
3f,click,혜택탭,카테고리별 혜택,540,505,96,2026-08-31,2026-08-31
3f,conv,혜택탭,카테고리별 혜택,854,382,130,2026-08-31,2026-08-31
