service_id,event_type,page_id,area_cd,pattern_expr,created_at,updated_at
3f,pv,system_main,system_main,HC:AS:PG:3층시스템:메인,2026-09-29 07:42:53.354,2026-09-29 07:42:53.354
3f,imp,system_main,system_main,HC:AS:3:IM:3층시스템:메인:contents_swipe:[0-9]{%d}:[0-9]+,2026-09-29 07:42:53.354,2026-09-29 07:42:53.354
3f,click,system_main,더보기,HC:AS:3:CK:3층시스템:메인:3F:.*:더보기:[0-9]{%d}:[0-9]+,2026-09-29 07:42:53.354,2026-09-29 07:42:53.354
3f,conv,system_main,신청,HC:AS:3:CK:3층시스템:메인:3F:.*:.*:신청:[0-9]{%d}:[0-9]+,2026-09-29 07:42:53.354,2026-09-29 07:42:53.354
3f,pv,account_layer,account_layer,HC:AS:3:LY:ACCOUNT:ON,2026-09-29 07:42:53.354,2026-09-29 07:42:53.354
3f,imp,account_layer,스와이프,HC:AS:3:IM:ACCOUNT:메인:3층_Controller:.*:contents_swipe:[0-9]{%d}:[0-9]+,2026-09-29 07:42:53.354,2026-09-29 07:42:53.354
3f,click,account_layer,스와이프,HC:AS:3:CK:ACCOUNT:메인:3층_Controller:.*:더보기:[0-9]{%d}:[0-9]+,2026-09-29 07:42:53.354,2026-09-29 07:42:53.354
3f,imp,account_layer,가맹점광고,HC:AS:3:IM:ACCOUNT:메인:3층_Controller:가맹점광고_1차확장:[0-9]{%d},2026-09-29 07:42:53.354,2026-09-29 07:42:53.354
3f,click,account_layer,가맹점광고,HC:AS:3:CK:ACCOUNT:메인:3층_Controller:가맹점광고:자세히보기:[0-9]{%d},2026-09-29 07:42:53.354,2026-09-29 07:42:53.354
3f,click,account_layer,가맹점광고,HC:AS:3:CK:ACCOUNT:메인:3층_Controller:가맹점광고_1차확장클릭:[0-9]{%d},2026-09-29 07:42:53.354,2026-09-29 07:42:53.354
3f,click,account_layer,가맹점광고,HC:AS:3:CK:ACCOUNT:메인:3층_Controller:가맹점광고:펼침:[0-9]{%d},2026-09-29 07:42:53.354,2026-09-29 07:42:53.354
3f,click,account_layer,가맹점광고,HC:AS:3:CK:ACCOUNT:메인:3층_Controller:가맹점광고:펼침_slide:[0-9]{%d},2026-09-29 07:42:53.354,2026-09-29 07:42:53.354
3f,click,account_layer,가맹점광고,HC:AS:3:CK:ACCOUNT:메인:3층_Controller:가맹점광고:펼침_swipe:[0-9]{%d},2026-09-29 07:42:53.354,2026-09-29 07:42:53.354
3f,pv,선물_보관함,새로운 선물,HC:AS:3:CK:3층시스템:3F:혜택리스트:새로운 선물.*,2026-09-29 07:42:53.354,2026-09-29 07:42:53.354
3f,pv,선물_보관함,받은 선물,HC:AS:3:CK:3층시스템:3F:혜택리스트:받은 선물.*,2026-09-29 07:42:53.354,2026-09-29 07:42:53.354
3f,imp,선물_보관함,새로운 선물,HC:AS:3:IM:3층시스템:3F:혜택리스트:contents_swipe:[0-9]{%d}:[0-9]+,2026-09-29 07:42:53.354,2026-09-29 07:42:53.354
3f,click,선물_보관함,새로운 선물,HC:AS:3:CK:3층시스템:3F:혜택리스트:[^:]+:[0-9]{%d}:[0-9]+,2026-09-29 07:42:53.354,2026-09-29 07:42:53.354
3f,conv,선물_보관함,새로운 선물,HC:AS:3:CK:3층시스템:3F:혜택리스트:새로운선물:받기:[0-9]{%d}:[0-9]+,2026-09-29 07:42:53.354,2026-09-29 07:42:53.354
3f,click,선물_상세,관심 선택,HC:AS:3:CK:3층시스템:3F:혜택상세:관심_선택:[0-9]{%d},2026-09-29 07:42:53.354,2026-09-29 07:42:53.354
3f,click,선물_상세,관심 해제,HC:AS:3:CK:3층시스템:3F:혜택상세:관심_해제:[0-9]{%d},2026-09-29 07:42:53.354,2026-09-29 07:42:53.354
3f,conv,선물_상세,받기,HC:AS:3:CK:3층시스템:3F:혜택상세:받기:[0-9]{%d},2026-09-29 07:42:53.354,2026-09-29 07:42:53.354
3f,conv,선물_상세,신청,HC:AS:3:CK:3층시스템:3F:혜택상세:신청:[0-9]{%d},2026-09-29 07:42:53.354,2026-09-29 07:42:53.354
3f,imp,CT,스와이프,HC:AS:3:IM:CONTENTS:메인:contents_swipe:3F:[0-9]{%d}:[0-9]+,2026-09-29 07:42:53.354,2026-09-29 07:42:53.354
3f,click,CT,스와이프,HC:AS:3:CK:CONTENTS:메인:콘텐츠_더보기:3F:[0-9]{%d}:[0-9]+,2026-09-29 07:42:53.354,2026-09-29 07:42:53.354
3f,conv,CT,스와이프,HC:AS:3:CK:CONTENTS:메인:콘텐츠_버튼클릭:받기:3F:[0-9]{%d},2026-09-29 07:42:53.354,2026-09-29 07:42:53.354
3f,click,CT,스와이프,HC:AS:3:CK:CONTENTS:메인:콘텐츠_버튼클릭:관심_선택:3F:[0-9]{%d}:[0-9]+,2026-09-29 07:42:53.354,2026-09-29 07:42:53.354
3f,click,CT,스와이프,HC:AS:3:CK:CONTENTS:메인:콘텐츠_버튼클릭:관심_해제:3F:[0-9]{%d}:[0-9]+,2026-09-29 07:42:53.354,2026-09-29 07:42:53.354
3f,conv,CT,콘텐츠_상세,HC:AS:3:CK:CONTENTS:콘텐츠상세:받기:3F:[0-9]{%d}+,2026-09-29 07:42:53.354,2026-09-29 07:42:53.354
3f,conv,CT,콘텐츠_상세,HC:AS:3:CK:CONTENTS:콘텐츠상세:신청:3F:[0-9]{%d}+,2026-09-29 07:42:53.354,2026-09-29 07:42:53.354
3f,click,CT,관심_선택,HC:AS:3:CK:CONTENTS:메인:콘텐츠상세:관심_선택:3F:[0-9]{%d}:[0-9]+,2026-09-29 07:42:53.354,2026-09-29 07:42:53.354
3f,pv,혜택탭,혜택 탭,HC:AS:3:PG:혜택:메인,2026-09-29 07:42:53.354,2026-09-29 07:42:53.354
3f,imp,혜택탭,더많은혜택,HC:AS:3:IM:혜택메인:3층선물:[0-9]{%d}:[0-9]+,2026-09-29 07:42:53.354,2026-09-29 07:42:53.354
3f,click,혜택탭,더많은혜택,HC:AS:3:CK:혜택메인:3층선물:[0-9]{%d}:[0-9]+,2026-09-29 07:42:53.354,2026-09-29 07:42:53.354
3f,conv,혜택탭,더많은혜택,HC:AS:3:CK:혜택메인:3층선물받기:[0-9]{%d}:[0-9]+,2026-09-29 07:42:53.354,2026-09-29 07:42:53.354
3f,imp,혜택탭,카테고리별 혜택,HC:AS:3:IM:혜택메인:.*:.*:[0-9]{%d}:[0-9]+:027,2026-09-29 07:42:53.354,2026-09-29 07:42:53.354
3f,imp,혜택탭,카테고리별 혜택,HC:AS:3:IM:혜택메인:.*:.*:[0-9]{%d}_.*:[0-9]+:027,2026-09-29 07:42:53.354,2026-09-29 07:42:53.354
3f,click,혜택탭,카테고리별 혜택,HC:AS:3:CK:혜택메인:.*:.*:[0-9]{%d}:[0-9]+:027,2026-09-29 07:42:53.354,2026-09-29 07:42:53.354
3f,conv,혜택탭,카테고리별 혜택,HC:AS:3:CK:혜택메인:.*:.*:[0-9]{%d}_받기:[0-9]+:027,2026-09-29 07:42:53.354,2026-09-29 07:42:53.354
