service_id,workflow_id,task_id,database_name,table_name,s3_path,partition_col,partition_base_unit,partition_start_offset,partition_end_offset,owner_team
3f,GPCC_stage4_post_proc,load_rec_result,wdp_bdp_db_dlk_l1_msk_view,ft_svc_f13_rec_result,,rec_dt,D,0,0,AIP2
3f,GPCC_stage4_post_proc,load_rec_result,wdp_bdp_db_dlk_l2_msk_view,f13_camp_bsis,,cuof_dt,D,-1,-1,card
3f,GPCC_stage1_item_feature,load_item_feature,wdp_bdp_db_dlk_l1_msk_view,mm_ts_card_pchs,,part_dt,M,-5,1,CD1
3f,GPCC_stage1_item_feature,load_item_meta,wdp_bdp_db_dlk_l1_msk_view,mm_mrch_rsl,,part_dt,M,-12,-1,CD1
3f,GPCC_stage1_item_feature,load_item_feature,wdp_bdp_db_dlk_l1_msk_view,mm_pld_use_rsl,,part_dt,M,-5,1,CD1
3f,GPCC_stage1_item_feature,load_item_meta,wdp_bdp_db_dlk_l1_msk_view,ld_clm_ncob_clas_info,,,,,,CD1
3f,GPCC_stage1_item_feature,load_item_meta,wdp_bdp_db_dlk_l2_msk_view,f13_camp_bsis,,cuof_dt,D,0,0,card
3f,GPCC_stage1_item_feature,load_item_meta,wdp_bdp_db_dlk_l2_msk_view,f13_camp_mrch_cond_cd,,cuof_dt,D,0,0,card
3f,GPCC_stage1_item_feature,load_item_meta,wdp_bdp_db_dlk_l2_msk_view,f13_svc_mrch_dict,,,,,,DS2
3f,GPCC_stage1_item_feature,load_item_meta,wdp_bdp_db_dlk_l1_msk_view,mccb_cd,,,,,,CD1
3f,GPCC_stage1_item_feature,load_item_meta,wdp_bdp_db_dlk_l2_msk_view,f13_svc_brnd_mcno_dict,,,,,,DS2
3f,GPCC_stage1_item_feature,load_log_parser,wdp_bdp_db_dlk_l1_msk_view,hcc_cust_bhve_data,,part_dttm,D,-1,-1,PD1
3f,GPCC_stage1_item_feature,load_item_meta,wdp_bdp_db_dlk_l2_msk_view,f13_svc_brnd_cndd_dict,,,,,,DS2
3f,GPCC_stage4_post_proc,load_rec_result,wdp_bdp_db_dlk_l2_msk_view,f13_svc_gpcc_trgt,,part_dt,D,0,0,DS2
3f,GPCC_stage1_item_feature,load_item_feature,wdp_bdp_db_dlk_l2_msk_view,mm_mrch_x_aggr_by_idx_by_id,,part_dt,,,,CD1
3f,GPCC_stage1_item_feature,load_item_feature,wdp_bdp_db_dlk_l1_msk_view,mm_mrch_rsl,,part_dt,M,-5,1,CD1
3f,GPCC_stage1_item_feature,load_item_meta,wdp_bdp_db_dlk_l2_msk_view,f13_mrch_grp_mrch_rel,,cuof_dt,D,0,0,card
3f,GPCC_stage1_item_feature,load_item_meta,wdp_bdp_db_dlk_l1_msk_view,mrch_bsis,,,,,,CD1
3f,GPCC_stage1_item_feature,load_item_meta,wdp_bdp_db_dlk_l2_msk_view,f13_svc_brnd_ctgr_dict,,,,,,DS2
3f,GPCC_stage1_item_feature,load_item_meta,wdp_bdp_db_dlk_l2_msk_view,f13_svc_mccb_ctgr_dict,,,,,,DS2
