database_name,table_name,base_dt,row_count,part_dt
wdp_bdp_db_dlk_l1_msk_view,ft_svc_f13_rec_result,2026-08-01,395528532,2026-08-02
wdp_bdp_db_dlk_l1_msk_view,ft_svc_f13_rec_result,2026-08-02,393605826,2026-08-03
wdp_bdp_db_dlk_l1_msk_view,ft_svc_f13_rec_result,2026-08-03,387459990,2026-08-04
wdp_bdp_db_dlk_l1_msk_view,ft_svc_f13_rec_result,2026-08-04,390322175,2026-08-05
wdp_bdp_db_dlk_l1_msk_view,ft_svc_f13_rec_result,2026-08-05,396842732,2026-08-06
wdp_bdp_db_dlk_l1_msk_view,ft_svc_f13_rec_result,2026-08-06,394045210,2026-08-07
wdp_bdp_db_dlk_l1_msk_view,ft_svc_f13_rec_result,2026-08-07,380744140,2026-08-08
wdp_bdp_db_dlk_l1_msk_view,ft_svc_f13_rec_result,2026-08-08,381672499,2026-08-09
wdp_bdp_db_dlk_l1_msk_view,ft_svc_f13_rec_result,2026-08-09,399011403,2026-08-10
wdp_bdp_db_dlk_l1_msk_view,ft_svc_f13_rec_result,2026-08-10,389288147,2026-08-11
wdp_bdp_db_dlk_l1_msk_view,ft_svc_f13_rec_result,2026-08-11,395667820,2026-08-12
wdp_bdp_db_dlk_l1_msk_view,ft_svc_f13_rec_result,2026-08-12,399604804,2026-08-13
wdp_bdp_db_dlk_l1_msk_view,ft_svc_f13_rec_result,2026-08-13,394421491,2026-08-14
wdp_bdp_db_dlk_l1_msk_view,ft_svc_f13_rec_result,2026-08-14,380899554,2026-08-15
wdp_bdp_db_dlk_l1_msk_view,ft_svc_f13_rec_result,2026-08-15,381338059,2026-08-16
wdp_bdp_db_dlk_l1_msk_view,ft_svc_f13_rec_result,2026-08-16,396688005,2026-08-17
wdp_bdp_db_dlk_l1_msk_view,ft_svc_f13_rec_result,2026-08-17,382836214,2026-08-18
wdp_bdp_db_dlk_l1_msk_view,ft_svc_f13_rec_result,2026-08-18,385951244,2026-08-19
wdp_bdp_db_dlk_l1_msk_view,ft_svc_f13_rec_result,2026-08-19,397882897,2026-08-20
wdp_bdp_db_dlk_l1_msk_view,ft_svc_f13_rec_result,2026-08-20,391717230,2026-08-21
wdp_bdp_db_dlk_l1_msk_view,ft_svc_f13_rec_result,2026-08-21,382572305,2026-08-22
wdp_bdp_db_dlk_l1_msk_view,ft_svc_f13_rec_result,2026-08-22,392606843,2026-08-23
wdp_bdp_db_dlk_l1_msk_view,ft_svc_f13_rec_result,2026-08-23,390811558,2026-08-24
wdp_bdp_db_dlk_l1_msk_view,ft_svc_f13_rec_result,2026-08-24,382166982,2026-08-25
wdp_bdp_db_dlk_l1_msk_view,ft_svc_f13_rec_result,2026-08-25,393528795,2026-08-26
wdp_bdp_db_dlk_l1_msk_view,ft_svc_f13_rec_result,2026-08-26,381541912,2026-08-27
wdp_bdp_db_dlk_l1_msk_view,ft_svc_f13_rec_result,2026-08-27,388155786,2026-08-28
wdp_bdp_db_dlk_l1_msk_view,ft_svc_f13_rec_result,2026-08-28,380230030,2026-08-29
wdp_bdp_db_dlk_l1_msk_view,ft_svc_f13_rec_result,2026-08-29,396968518,2026-08-30
wdp_bdp_db_dlk_l1_msk_view,ft_svc_f13_rec_result,2026-08-30,389346810,2026-08-31
wdp_bdp_db_dlk_l1_msk_view,ft_svc_f13_rec_result,2026-08-31,394922257,2026-09-01
wdp_bdp_db_dlk_l2_msk_view,f13_camp_bsis,2026-08-01,215,2026-08-02
wdp_bdp_db_dlk_l2_msk_view,f13_camp_bsis,2026-08-02,219,2026-08-03
wdp_bdp_db_dlk_l2_msk_view,f13_camp_bsis,2026-08-03,162,2026-08-04
wdp_bdp_db_dlk_l2_msk_view,f13_camp_bsis,2026-08-04,175,2026-08-05
wdp_bdp_db_dlk_l2_msk_view,f13_camp_bsis,2026-08-05,245,2026-08-06
wdp_bdp_db_dlk_l2_msk_view,f13_camp_bsis,2026-08-06,248,2026-08-07
wdp_bdp_db_dlk_l2_msk_view,f13_camp_bsis,2026-08-07,229,2026-08-08
wdp_bdp_db_dlk_l2_msk_view,f13_camp_bsis,2026-08-08,218,2026-08-09
wdp_bdp_db_dlk_l2_msk_view,f13_camp_bsis,2026-08-09,245,2026-08-10
wdp_bdp_db_dlk_l2_msk_view,f13_camp_bsis,2026-08-10,171,2026-08-11
wdp_bdp_db_dlk_l2_msk_view,f13_camp_bsis,2026-08-11,184,2026-08-12
wdp_bdp_db_dlk_l2_msk_view,f13_camp_bsis,2026-08-12,246,2026-08-13
wdp_bdp_db_dlk_l2_msk_view,f13_camp_bsis,2026-08-13,194,2026-08-14
wdp_bdp_db_dlk_l2_msk_view,f13_camp_bsis,2026-08-14,248,2026-08-15
wdp_bdp_db_dlk_l2_msk_view,f13_camp_bsis,2026-08-15,221,2026-08-16
wdp_bdp_db_dlk_l2_msk_view,f13_camp_bsis,2026-08-16,203,2026-08-17
wdp_bdp_db_dlk_l2_msk_view,f13_camp_bsis,2026-08-17,217,2026-08-18
wdp_bdp_db_dlk_l2_msk_view,f13_camp_bsis,2026-08-18,185,2026-08-19
wdp_bdp_db_dlk_l2_msk_view,f13_camp_bsis,2026-08-19,168,2026-08-20
wdp_bdp_db_dlk_l2_msk_view,f13_camp_bsis,2026-08-20,245,2026-08-21
wdp_bdp_db_dlk_l2_msk_view,f13_camp_bsis,2026-08-21,173,2026-08-22
wdp_bdp_db_dlk_l2_msk_view,f13_camp_bsis,2026-08-22,154,2026-08-23
wdp_bdp_db_dlk_l2_msk_view,f13_camp_bsis,2026-08-23,200,2026-08-24
wdp_bdp_db_dlk_l2_msk_view,f13_camp_bsis,2026-08-24,155,2026-08-25
wdp_bdp_db_dlk_l2_msk_view,f13_camp_bsis,2026-08-25,213,2026-08-26
wdp_bdp_db_dlk_l2_msk_view,f13_camp_bsis,2026-08-26,234,2026-08-27
wdp_bdp_db_dlk_l2_msk_view,f13_camp_bsis,2026-08-27,232,2026-08-28
wdp_bdp_db_dlk_l2_msk_view,f13_camp_bsis,2026-08-28,223,2026-08-29
wdp_bdp_db_dlk_l2_msk_view,f13_camp_bsis,2026-08-29,218,2026-08-30
wdp_bdp_db_dlk_l2_msk_view,f13_camp_bsis,2026-08-30,183,2026-08-31
wdp_bdp_db_dlk_l2_msk_view,f13_camp_bsis,2026-08-31,183,2026-09-01
wdp_bdp_db_dlk_l1_msk_view,mm_ts_card_pchs,2026-08-01,312400000,2026-08-02
wdp_bdp_db_dlk_l1_msk_view,mm_ts_card_pchs,2026-08-02,312400000,2026-08-03
wdp_bdp_db_dlk_l1_msk_view,mm_ts_card_pchs,2026-08-03,312400000,2026-08-04
wdp_bdp_db_dlk_l1_msk_view,mm_ts_card_pchs,2026-08-04,312400000,2026-08-05
wdp_bdp_db_dlk_l1_msk_view,mm_ts_card_pchs,2026-08-05,312400000,2026-08-06
wdp_bdp_db_dlk_l1_msk_view,mm_ts_card_pchs,2026-08-06,312400000,2026-08-07
wdp_bdp_db_dlk_l1_msk_view,mm_ts_card_pchs,2026-08-07,312400000,2026-08-08
wdp_bdp_db_dlk_l1_msk_view,mm_ts_card_pchs,2026-08-08,312400000,2026-08-09
wdp_bdp_db_dlk_l1_msk_view,mm_ts_card_pchs,2026-08-09,312400000,2026-08-10
wdp_bdp_db_dlk_l1_msk_view,mm_ts_card_pchs,2026-08-10,312400000,2026-08-11
wdp_bdp_db_dlk_l1_msk_view,mm_ts_card_pchs,2026-08-11,312400000,2026-08-12
wdp_bdp_db_dlk_l1_msk_view,mm_ts_card_pchs,2026-08-12,312400000,2026-08-13
wdp_bdp_db_dlk_l1_msk_view,mm_ts_card_pchs,2026-08-13,312400000,2026-08-14
wdp_bdp_db_dlk_l1_msk_view,mm_ts_card_pchs,2026-08-14,312400000,2026-08-15
wdp_bdp_db_dlk_l1_msk_view,mm_ts_card_pchs,2026-08-15,312400000,2026-08-16
wdp_bdp_db_dlk_l1_msk_view,mm_ts_card_pchs,2026-08-16,312400000,2026-08-17
wdp_bdp_db_dlk_l1_msk_view,mm_ts_card_pchs,2026-08-17,312400000,2026-08-18
wdp_bdp_db_dlk_l1_msk_view,mm_ts_card_pchs,2026-08-18,312400000,2026-08-19
wdp_bdp_db_dlk_l1_msk_view,mm_ts_card_pchs,2026-08-19,312400000,2026-08-20
wdp_bdp_db_dlk_l1_msk_view,mm_ts_card_pchs,2026-08-20,312400000,2026-08-21
wdp_bdp_db_dlk_l1_msk_view,mm_ts_card_pchs,2026-08-21,312400000,2026-08-22
wdp_bdp_db_dlk_l1_msk_view,mm_ts_card_pchs,2026-08-22,312400000,2026-08-23
wdp_bdp_db_dlk_l1_msk_view,mm_ts_card_pchs,2026-08-23,312400000,2026-08-24
wdp_bdp_db_dlk_l1_msk_view,mm_ts_card_pchs,2026-08-24,312400000,2026-08-25
wdp_bdp_db_dlk_l1_msk_view,mm_ts_card_pchs,2026-08-25,312400000,2026-08-26
wdp_bdp_db_dlk_l1_msk_view,mm_ts_card_pchs,2026-08-26,312400000,2026-08-27
wdp_bdp_db_dlk_l1_msk_view,mm_ts_card_pchs,2026-08-27,312400000,2026-08-28
wdp_bdp_db_dlk_l1_msk_view,mm_ts_card_pchs,2026-08-28,312400000,2026-08-29
wdp_bdp_db_dlk_l1_msk_view,mm_ts_card_pchs,2026-08-29,312400000,2026-08-30
wdp_bdp_db_dlk_l1_msk_view,mm_ts_card_pchs,2026-08-30,312400000,2026-08-31
wdp_bdp_db_dlk_l1_msk_view,mm_ts_card_pchs,2026-08-31,312400000,2026-09-01
wdp_bdp_db_dlk_l1_msk_view,mm_mrch_rsl,2026-08-01,182000000,2026-08-02
wdp_bdp_db_dlk_l1_msk_view,mm_mrch_rsl,2026-08-02,182000000,2026-08-03
wdp_bdp_db_dlk_l1_msk_view,mm_mrch_rsl,2026-08-03,182000000,2026-08-04
wdp_bdp_db_dlk_l1_msk_view,mm_mrch_rsl,2026-08-04,182000000,2026-08-05
wdp_bdp_db_dlk_l1_msk_view,mm_mrch_rsl,2026-08-05,182000000,2026-08-06
wdp_bdp_db_dlk_l1_msk_view,mm_mrch_rsl,2026-08-06,182000000,2026-08-07
wdp_bdp_db_dlk_l1_msk_view,mm_mrch_rsl,2026-08-07,182000000,2026-08-08
wdp_bdp_db_dlk_l1_msk_view,mm_mrch_rsl,2026-08-08,182000000,2026-08-09
wdp_bdp_db_dlk_l1_msk_view,mm_mrch_rsl,2026-08-09,182000000,2026-08-10
wdp_bdp_db_dlk_l1_msk_view,mm_mrch_rsl,2026-08-10,182000000,2026-08-11
wdp_bdp_db_dlk_l1_msk_view,mm_mrch_rsl,2026-08-11,182000000,2026-08-12
wdp_bdp_db_dlk_l1_msk_view,mm_mrch_rsl,2026-08-12,182000000,2026-08-13
wdp_bdp_db_dlk_l1_msk_view,mm_mrch_rsl,2026-08-13,182000000,2026-08-14
wdp_bdp_db_dlk_l1_msk_view,mm_mrch_rsl,2026-08-14,182000000,2026-08-15
wdp_bdp_db_dlk_l1_msk_view,mm_mrch_rsl,2026-08-15,182000000,2026-08-16
wdp_bdp_db_dlk_l1_msk_view,mm_mrch_rsl,2026-08-16,182000000,2026-08-17
wdp_bdp_db_dlk_l1_msk_view,mm_mrch_rsl,2026-08-17,182000000,2026-08-18
wdp_bdp_db_dlk_l1_msk_view,mm_mrch_rsl,2026-08-18,182000000,2026-08-19
wdp_bdp_db_dlk_l1_msk_view,mm_mrch_rsl,2026-08-19,182000000,2026-08-20
wdp_bdp_db_dlk_l1_msk_view,mm_mrch_rsl,2026-08-20,182000000,2026-08-21
wdp_bdp_db_dlk_l1_msk_view,mm_mrch_rsl,2026-08-21,182000000,2026-08-22
wdp_bdp_db_dlk_l1_msk_view,mm_mrch_rsl,2026-08-22,182000000,2026-08-23
wdp_bdp_db_dlk_l1_msk_view,mm_mrch_rsl,2026-08-23,182000000,2026-08-24
wdp_bdp_db_dlk_l1_msk_view,mm_mrch_rsl,2026-08-24,182000000,2026-08-25
wdp_bdp_db_dlk_l1_msk_view,mm_mrch_rsl,2026-08-25,182000000,2026-08-26
wdp_bdp_db_dlk_l1_msk_view,mm_mrch_rsl,2026-08-26,182000000,2026-08-27
wdp_bdp_db_dlk_l1_msk_view,mm_mrch_rsl,2026-08-27,182000000,2026-08-28
wdp_bdp_db_dlk_l1_msk_view,mm_mrch_rsl,2026-08-28,182000000,2026-08-29
wdp_bdp_db_dlk_l1_msk_view,mm_mrch_rsl,2026-08-29,182000000,2026-08-30
wdp_bdp_db_dlk_l1_msk_view,mm_mrch_rsl,2026-08-30,182000000,2026-08-31
wdp_bdp_db_dlk_l1_msk_view,mm_mrch_rsl,2026-08-31,182000000,2026-09-01
wdp_bdp_db_dlk_l1_msk_view,mm_pld_use_rsl,2026-08-01,96500000,2026-08-02
wdp_bdp_db_dlk_l1_msk_view,mm_pld_use_rsl,2026-08-02,96500000,2026-08-03
wdp_bdp_db_dlk_l1_msk_view,mm_pld_use_rsl,2026-08-03,96500000,2026-08-04
wdp_bdp_db_dlk_l1_msk_view,mm_pld_use_rsl,2026-08-04,96500000,2026-08-05
wdp_bdp_db_dlk_l1_msk_view,mm_pld_use_rsl,2026-08-05,96500000,2026-08-06
wdp_bdp_db_dlk_l1_msk_view,mm_pld_use_rsl,2026-08-06,96500000,2026-08-07
wdp_bdp_db_dlk_l1_msk_view,mm_pld_use_rsl,2026-08-07,96500000,2026-08-08
wdp_bdp_db_dlk_l1_msk_view,mm_pld_use_rsl,2026-08-08,96500000,2026-08-09
wdp_bdp_db_dlk_l1_msk_view,mm_pld_use_rsl,2026-08-09,96500000,2026-08-10
wdp_bdp_db_dlk_l1_msk_view,mm_pld_use_rsl,2026-08-10,96500000,2026-08-11
wdp_bdp_db_dlk_l1_msk_view,mm_pld_use_rsl,2026-08-11,96500000,2026-08-12
wdp_bdp_db_dlk_l1_msk_view,mm_pld_use_rsl,2026-08-12,96500000,2026-08-13
wdp_bdp_db_dlk_l1_msk_view,mm_pld_use_rsl,2026-08-13,96500000,2026-08-14
wdp_bdp_db_dlk_l1_msk_view,mm_pld_use_rsl,2026-08-14,96500000,2026-08-15
wdp_bdp_db_dlk_l1_msk_view,mm_pld_use_rsl,2026-08-15,96500000,2026-08-16
wdp_bdp_db_dlk_l1_msk_view,mm_pld_use_rsl,2026-08-16,96500000,2026-08-17
wdp_bdp_db_dlk_l1_msk_view,mm_pld_use_rsl,2026-08-17,96500000,2026-08-18
wdp_bdp_db_dlk_l1_msk_view,mm_pld_use_rsl,2026-08-18,96500000,2026-08-19
wdp_bdp_db_dlk_l1_msk_view,mm_pld_use_rsl,2026-08-19,96500000,2026-08-20
wdp_bdp_db_dlk_l1_msk_view,mm_pld_use_rsl,2026-08-20,96500000,2026-08-21
wdp_bdp_db_dlk_l1_msk_view,mm_pld_use_rsl,2026-08-21,96500000,2026-08-22
wdp_bdp_db_dlk_l1_msk_view,mm_pld_use_rsl,2026-08-22,96500000,2026-08-23
wdp_bdp_db_dlk_l1_msk_view,mm_pld_use_rsl,2026-08-23,96500000,2026-08-24
wdp_bdp_db_dlk_l1_msk_view,mm_pld_use_rsl,2026-08-24,96500000,2026-08-25
wdp_bdp_db_dlk_l1_msk_view,mm_pld_use_rsl,2026-08-25,96500000,2026-08-26
wdp_bdp_db_dlk_l1_msk_view,mm_pld_use_rsl,2026-08-26,96500000,2026-08-27
wdp_bdp_db_dlk_l1_msk_view,mm_pld_use_rsl,2026-08-27,96500000,2026-08-28
wdp_bdp_db_dlk_l1_msk_view,mm_pld_use_rsl,2026-08-28,96500000,2026-08-29
wdp_bdp_db_dlk_l1_msk_view,mm_pld_use_rsl,2026-08-29,96500000,2026-08-30
wdp_bdp_db_dlk_l1_msk_view,mm_pld_use_rsl,2026-08-30,96500000,2026-08-31
wdp_bdp_db_dlk_l1_msk_view,mm_pld_use_rsl,2026-08-31,96500000,2026-09-01
wdp_bdp_db_dlk_l1_msk_view,ld_clm_ncob_clas_info,2026-08-01,12482,2026-08-02
wdp_bdp_db_dlk_l1_msk_view,ld_clm_ncob_clas_info,2026-08-02,12482,2026-08-03
wdp_bdp_db_dlk_l1_msk_view,ld_clm_ncob_clas_info,2026-08-03,12489,2026-08-04
wdp_bdp_db_dlk_l1_msk_view,ld_clm_ncob_clas_info,2026-08-04,12483,2026-08-05
wdp_bdp_db_dlk_l1_msk_view,ld_clm_ncob_clas_info,2026-08-05,12491,2026-08-06
wdp_bdp_db_dlk_l1_msk_view,ld_clm_ncob_clas_info,2026-08-06,12490,2026-08-07
wdp_bdp_db_dlk_l1_msk_view,ld_clm_ncob_clas_info,2026-08-07,12491,2026-08-08
wdp_bdp_db_dlk_l1_msk_view,ld_clm_ncob_clas_info,2026-08-08,12492,2026-08-09
wdp_bdp_db_dlk_l1_msk_view,ld_clm_ncob_clas_info,2026-08-09,12504,2026-08-10
wdp_bdp_db_dlk_l1_msk_view,ld_clm_ncob_clas_info,2026-08-10,12508,2026-08-11
wdp_bdp_db_dlk_l1_msk_view,ld_clm_ncob_clas_info,2026-08-11,12504,2026-08-12
wdp_bdp_db_dlk_l1_msk_view,ld_clm_ncob_clas_info,2026-08-12,12506,2026-08-13
wdp_bdp_db_dlk_l1_msk_view,ld_clm_ncob_clas_info,2026-08-13,12507,2026-08-14
wdp_bdp_db_dlk_l1_msk_view,ld_clm_ncob_clas_info,2026-08-14,12512,2026-08-15
wdp_bdp_db_dlk_l1_msk_view,ld_clm_ncob_clas_info,2026-08-15,12509,2026-08-16
wdp_bdp_db_dlk_l1_msk_view,ld_clm_ncob_clas_info,2026-08-16,12522,2026-08-17
wdp_bdp_db_dlk_l1_msk_view,ld_clm_ncob_clas_info,2026-08-17,12524,2026-08-18
wdp_bdp_db_dlk_l1_msk_view,ld_clm_ncob_clas_info,2026-08-18,12519,2026-08-19
wdp_bdp_db_dlk_l1_msk_view,ld_clm_ncob_clas_info,2026-08-19,12527,2026-08-20
wdp_bdp_db_dlk_l1_msk_view,ld_clm_ncob_clas_info,2026-08-20,12530,2026-08-21
wdp_bdp_db_dlk_l1_msk_view,ld_clm_ncob_clas_info,2026-08-21,12535,2026-08-22
wdp_bdp_db_dlk_l1_msk_view,ld_clm_ncob_clas_info,2026-08-22,12529,2026-08-23
wdp_bdp_db_dlk_l1_msk_view,ld_clm_ncob_clas_info,2026-08-23,12539,2026-08-24
wdp_bdp_db_dlk_l1_msk_view,ld_clm_ncob_clas_info,2026-08-24,12540,2026-08-25
wdp_bdp_db_dlk_l1_msk_view,ld_clm_ncob_clas_info,2026-08-25,12538,2026-08-26
wdp_bdp_db_dlk_l1_msk_view,ld_clm_ncob_clas_info,2026-08-26,12547,2026-08-27
wdp_bdp_db_dlk_l1_msk_view,ld_clm_ncob_clas_info,2026-08-27,12539,2026-08-28
wdp_bdp_db_dlk_l1_msk_view,ld_clm_ncob_clas_info,2026-08-28,12552,2026-08-29
wdp_bdp_db_dlk_l1_msk_view,ld_clm_ncob_clas_info,2026-08-29,12547,2026-08-30
wdp_bdp_db_dlk_l1_msk_view,ld_clm_ncob_clas_info,2026-08-30,12553,2026-08-31
wdp_bdp_db_dlk_l1_msk_view,ld_clm_ncob_clas_info,2026-08-31,12553,2026-09-01
wdp_bdp_db_dlk_l2_msk_view,f13_camp_mrch_cond_cd,2026-08-01,155,2026-08-02
wdp_bdp_db_dlk_l2_msk_view,f13_camp_mrch_cond_cd,2026-08-02,245,2026-08-03
wdp_bdp_db_dlk_l2_msk_view,f13_camp_mrch_cond_cd,2026-08-03,177,2026-08-04
wdp_bdp_db_dlk_l2_msk_view,f13_camp_mrch_cond_cd,2026-08-04,215,2026-08-05
wdp_bdp_db_dlk_l2_msk_view,f13_camp_mrch_cond_cd,2026-08-05,155,2026-08-06
wdp_bdp_db_dlk_l2_msk_view,f13_camp_mrch_cond_cd,2026-08-06,235,2026-08-07
wdp_bdp_db_dlk_l2_msk_view,f13_camp_mrch_cond_cd,2026-08-07,160,2026-08-08
wdp_bdp_db_dlk_l2_msk_view,f13_camp_mrch_cond_cd,2026-08-08,199,2026-08-09
wdp_bdp_db_dlk_l2_msk_view,f13_camp_mrch_cond_cd,2026-08-09,199,2026-08-10
wdp_bdp_db_dlk_l2_msk_view,f13_camp_mrch_cond_cd,2026-08-10,198,2026-08-11
wdp_bdp_db_dlk_l2_msk_view,f13_camp_mrch_cond_cd,2026-08-11,223,2026-08-12
wdp_bdp_db_dlk_l2_msk_view,f13_camp_mrch_cond_cd,2026-08-12,202,2026-08-13
wdp_bdp_db_dlk_l2_msk_view,f13_camp_mrch_cond_cd,2026-08-13,167,2026-08-14
wdp_bdp_db_dlk_l2_msk_view,f13_camp_mrch_cond_cd,2026-08-14,187,2026-08-15
wdp_bdp_db_dlk_l2_msk_view,f13_camp_mrch_cond_cd,2026-08-15,192,2026-08-16
wdp_bdp_db_dlk_l2_msk_view,f13_camp_mrch_cond_cd,2026-08-16,235,2026-08-17
wdp_bdp_db_dlk_l2_msk_view,f13_camp_mrch_cond_cd,2026-08-17,245,2026-08-18
wdp_bdp_db_dlk_l2_msk_view,f13_camp_mrch_cond_cd,2026-08-18,240,2026-08-19
wdp_bdp_db_dlk_l2_msk_view,f13_camp_mrch_cond_cd,2026-08-19,224,2026-08-20
wdp_bdp_db_dlk_l2_msk_view,f13_camp_mrch_cond_cd,2026-08-20,240,2026-08-21
wdp_bdp_db_dlk_l2_msk_view,f13_camp_mrch_cond_cd,2026-08-21,156,2026-08-22
wdp_bdp_db_dlk_l2_msk_view,f13_camp_mrch_cond_cd,2026-08-22,225,2026-08-23
wdp_bdp_db_dlk_l2_msk_view,f13_camp_mrch_cond_cd,2026-08-23,230,2026-08-24
wdp_bdp_db_dlk_l2_msk_view,f13_camp_mrch_cond_cd,2026-08-24,197,2026-08-25
wdp_bdp_db_dlk_l2_msk_view,f13_camp_mrch_cond_cd,2026-08-25,240,2026-08-26
wdp_bdp_db_dlk_l2_msk_view,f13_camp_mrch_cond_cd,2026-08-26,197,2026-08-27
wdp_bdp_db_dlk_l2_msk_view,f13_camp_mrch_cond_cd,2026-08-27,194,2026-08-28
wdp_bdp_db_dlk_l2_msk_view,f13_camp_mrch_cond_cd,2026-08-28,246,2026-08-29
wdp_bdp_db_dlk_l2_msk_view,f13_camp_mrch_cond_cd,2026-08-29,152,2026-08-30
wdp_bdp_db_dlk_l2_msk_view,f13_camp_mrch_cond_cd,2026-08-30,233,2026-08-31
wdp_bdp_db_dlk_l2_msk_view,f13_camp_mrch_cond_cd,2026-08-31,164,2026-09-01
wdp_bdp_db_dlk_l2_msk_view,f13_svc_mrch_dict,2026-08-01,3214223,2026-08-02
wdp_bdp_db_dlk_l2_msk_view,f13_svc_mrch_dict,2026-08-02,3216877,2026-08-03
wdp_bdp_db_dlk_l2_msk_view,f13_svc_mrch_dict,2026-08-03,3216191,2026-08-04
wdp_bdp_db_dlk_l2_msk_view,f13_svc_mrch_dict,2026-08-04,3217043,2026-08-05
wdp_bdp_db_dlk_l2_msk_view,f13_svc_mrch_dict,2026-08-05,3217141,2026-08-06
wdp_bdp_db_dlk_l2_msk_view,f13_svc_mrch_dict,2026-08-06,3218599,2026-08-07
wdp_bdp_db_dlk_l2_msk_view,f13_svc_mrch_dict,2026-08-07,3217865,2026-08-08
wdp_bdp_db_dlk_l2_msk_view,f13_svc_mrch_dict,2026-08-08,3220333,2026-08-09
wdp_bdp_db_dlk_l2_msk_view,f13_svc_mrch_dict,2026-08-09,3221299,2026-08-10
wdp_bdp_db_dlk_l2_msk_view,f13_svc_mrch_dict,2026-08-10,3219531,2026-08-11
wdp_bdp_db_dlk_l2_msk_view,f13_svc_mrch_dict,2026-08-11,3220058,2026-08-12
wdp_bdp_db_dlk_l2_msk_view,f13_svc_mrch_dict,2026-08-12,3220851,2026-08-13
wdp_bdp_db_dlk_l2_msk_view,f13_svc_mrch_dict,2026-08-13,3221948,2026-08-14
wdp_bdp_db_dlk_l2_msk_view,f13_svc_mrch_dict,2026-08-14,3224217,2026-08-15
wdp_bdp_db_dlk_l2_msk_view,f13_svc_mrch_dict,2026-08-15,3224283,2026-08-16
wdp_bdp_db_dlk_l2_msk_view,f13_svc_mrch_dict,2026-08-16,3225955,2026-08-17
wdp_bdp_db_dlk_l2_msk_view,f13_svc_mrch_dict,2026-08-17,3225008,2026-08-18
wdp_bdp_db_dlk_l2_msk_view,f13_svc_mrch_dict,2026-08-18,3226422,2026-08-19
wdp_bdp_db_dlk_l2_msk_view,f13_svc_mrch_dict,2026-08-19,3225518,2026-08-20
wdp_bdp_db_dlk_l2_msk_view,f13_svc_mrch_dict,2026-08-20,3227438,2026-08-21
wdp_bdp_db_dlk_l2_msk_view,f13_svc_mrch_dict,2026-08-21,3226440,2026-08-22
wdp_bdp_db_dlk_l2_msk_view,f13_svc_mrch_dict,2026-08-22,3229812,2026-08-23
wdp_bdp_db_dlk_l2_msk_view,f13_svc_mrch_dict,2026-08-23,3230191,2026-08-24
wdp_bdp_db_dlk_l2_msk_view,f13_svc_mrch_dict,2026-08-24,3228439,2026-08-25
wdp_bdp_db_dlk_l2_msk_view,f13_svc_mrch_dict,2026-08-25,3231706,2026-08-26
wdp_bdp_db_dlk_l2_msk_view,f13_svc_mrch_dict,2026-08-26,3229983,2026-08-27
wdp_bdp_db_dlk_l2_msk_view,f13_svc_mrch_dict,2026-08-27,3233218,2026-08-28
wdp_bdp_db_dlk_l2_msk_view,f13_svc_mrch_dict,2026-08-28,3230917,2026-08-29
wdp_bdp_db_dlk_l2_msk_view,f13_svc_mrch_dict,2026-08-29,3232518,2026-08-30
wdp_bdp_db_dlk_l2_msk_view,f13_svc_mrch_dict,2026-08-30,3233869,2026-08-31
wdp_bdp_db_dlk_l2_msk_view,f13_svc_mrch_dict,2026-08-31,3234322,2026-09-01
wdp_bdp_db_dlk_l1_msk_view,mccb_cd,2026-08-01,1869,2026-08-02
wdp_bdp_db_dlk_l1_msk_view,mccb_cd,2026-08-02,1869,2026-08-03
wdp_bdp_db_dlk_l1_msk_view,mccb_cd,2026-08-03,1869,2026-08-04
wdp_bdp_db_dlk_l1_msk_view,mccb_cd,2026-08-04,1870,2026-08-05
wdp_bdp_db_dlk_l1_msk_view,mccb_cd,2026-08-05,1871,2026-08-06
wdp_bdp_db_dlk_l1_msk_view,mccb_cd,2026-08-06,1872,2026-08-07
wdp_bdp_db_dlk_l1_msk_view,mccb_cd,2026-08-07,1872,2026-08-08
wdp_bdp_db_dlk_l1_msk_view,mccb_cd,2026-08-08,1873,2026-08-09
wdp_bdp_db_dlk_l1_msk_view,mccb_cd,2026-08-09,1872,2026-08-10
wdp_bdp_db_dlk_l1_msk_view,mccb_cd,2026-08-10,1873,2026-08-11
wdp_bdp_db_dlk_l1_msk_view,mccb_cd,2026-08-11,1873,2026-08-12
wdp_bdp_db_dlk_l1_msk_view,mccb_cd,2026-08-12,1874,2026-08-13
wdp_bdp_db_dlk_l1_msk_view,mccb_cd,2026-08-13,1874,2026-08-14
wdp_bdp_db_dlk_l1_msk_view,mccb_cd,2026-08-14,1875,2026-08-15
wdp_bdp_db_dlk_l1_msk_view,mccb_cd,2026-08-15,1875,2026-08-16
wdp_bdp_db_dlk_l1_msk_view,mccb_cd,2026-08-16,1875,2026-08-17
wdp_bdp_db_dlk_l1_msk_view,mccb_cd,2026-08-17,1875,2026-08-18
wdp_bdp_db_dlk_l1_msk_view,mccb_cd,2026-08-18,1876,2026-08-19
wdp_bdp_db_dlk_l1_msk_view,mccb_cd,2026-08-19,1876,2026-08-20
wdp_bdp_db_dlk_l1_msk_view,mccb_cd,2026-08-20,1877,2026-08-21
wdp_bdp_db_dlk_l1_msk_view,mccb_cd,2026-08-21,1876,2026-08-22
wdp_bdp_db_dlk_l1_msk_view,mccb_cd,2026-08-22,1877,2026-08-23
wdp_bdp_db_dlk_l1_msk_view,mccb_cd,2026-08-23,1877,2026-08-24
wdp_bdp_db_dlk_l1_msk_view,mccb_cd,2026-08-24,1878,2026-08-25
wdp_bdp_db_dlk_l1_msk_view,mccb_cd,2026-08-25,1878,2026-08-26
wdp_bdp_db_dlk_l1_msk_view,mccb_cd,2026-08-26,1879,2026-08-27
wdp_bdp_db_dlk_l1_msk_view,mccb_cd,2026-08-27,1880,2026-08-28
wdp_bdp_db_dlk_l1_msk_view,mccb_cd,2026-08-28,1880,2026-08-29
wdp_bdp_db_dlk_l1_msk_view,mccb_cd,2026-08-29,1880,2026-08-30
wdp_bdp_db_dlk_l1_msk_view,mccb_cd,2026-08-30,1880,2026-08-31
wdp_bdp_db_dlk_l1_msk_view,mccb_cd,2026-08-31,1881,2026-09-01
wdp_bdp_db_dlk_l2_msk_view,f13_svc_brnd_mcno_dict,2026-08-01,5418163,2026-08-02
wdp_bdp_db_dlk_l2_msk_view,f13_svc_brnd_mcno_dict,2026-08-02,5421242,2026-08-03
wdp_bdp_db_dlk_l2_msk_view,f13_svc_brnd_mcno_dict,2026-08-03,5421902,2026-08-04
wdp_bdp_db_dlk_l2_msk_view,f13_svc_brnd_mcno_dict,2026-08-04,5425359,2026-08-05
wdp_bdp_db_dlk_l2_msk_view,f13_svc_brnd_mcno_dict,2026-08-05,5424434,2026-08-06
wdp_bdp_db_dlk_l2_msk_view,f13_svc_brnd_mcno_dict,2026-08-06,5425873,2026-08-07
wdp_bdp_db_dlk_l2_msk_view,f13_svc_brnd_mcno_dict,2026-08-07,5426001,2026-08-08
wdp_bdp_db_dlk_l2_msk_view,f13_svc_brnd_mcno_dict,2026-08-08,5427589,2026-08-09
wdp_bdp_db_dlk_l2_msk_view,f13_svc_brnd_mcno_dict,2026-08-09,5430915,2026-08-10
wdp_bdp_db_dlk_l2_msk_view,f13_svc_brnd_mcno_dict,2026-08-10,5427375,2026-08-11
wdp_bdp_db_dlk_l2_msk_view,f13_svc_brnd_mcno_dict,2026-08-11,5432474,2026-08-12
wdp_bdp_db_dlk_l2_msk_view,f13_svc_brnd_mcno_dict,2026-08-12,5431153,2026-08-13
wdp_bdp_db_dlk_l2_msk_view,f13_svc_brnd_mcno_dict,2026-08-13,5435292,2026-08-14
wdp_bdp_db_dlk_l2_msk_view,f13_svc_brnd_mcno_dict,2026-08-14,5436201,2026-08-15
wdp_bdp_db_dlk_l2_msk_view,f13_svc_brnd_mcno_dict,2026-08-15,5433319,2026-08-16
wdp_bdp_db_dlk_l2_msk_view,f13_svc_brnd_mcno_dict,2026-08-16,5436692,2026-08-17
wdp_bdp_db_dlk_l2_msk_view,f13_svc_brnd_mcno_dict,2026-08-17,5435472,2026-08-18
wdp_bdp_db_dlk_l2_msk_view,f13_svc_brnd_mcno_dict,2026-08-18,5436038,2026-08-19
wdp_bdp_db_dlk_l2_msk_view,f13_svc_brnd_mcno_dict,2026-08-19,5437092,2026-08-20
wdp_bdp_db_dlk_l2_msk_view,f13_svc_brnd_mcno_dict,2026-08-20,5440136,2026-08-21
wdp_bdp_db_dlk_l2_msk_view,f13_svc_brnd_mcno_dict,2026-08-21,5441498,2026-08-22
wdp_bdp_db_dlk_l2_msk_view,f13_svc_brnd_mcno_dict,2026-08-22,5442868,2026-08-23
wdp_bdp_db_dlk_l2_msk_view,f13_svc_brnd_mcno_dict,2026-08-23,5443097,2026-08-24
wdp_bdp_db_dlk_l2_msk_view,f13_svc_brnd_mcno_dict,2026-08-24,5446123,2026-08-25
wdp_bdp_db_dlk_l2_msk_view,f13_svc_brnd_mcno_dict,2026-08-25,5448320,2026-08-26
wdp_bdp_db_dlk_l2_msk_view,f13_svc_brnd_mcno_dict,2026-08-26,5447474,2026-08-27
wdp_bdp_db_dlk_l2_msk_view,f13_svc_brnd_mcno_dict,2026-08-27,5448215,2026-08-28
wdp_bdp_db_dlk_l2_msk_view,f13_svc_brnd_mcno_dict,2026-08-28,5448543,2026-08-29
wdp_bdp_db_dlk_l2_msk_view,f13_svc_brnd_mcno_dict,2026-08-29,5449792,2026-08-30
wdp_bdp_db_dlk_l2_msk_view,f13_svc_brnd_mcno_dict,2026-08-30,5452127,2026-08-31
wdp_bdp_db_dlk_l2_msk_view,f13_svc_brnd_mcno_dict,2026-08-31,5454536,2026-09-01
wdp_bdp_db_dlk_l1_msk_view,hcc_cust_bhve_data,2026-08-01,470870669,2026-08-02
wdp_bdp_db_dlk_l1_msk_view,hcc_cust_bhve_data,2026-08-02,488214325,2026-08-03
wdp_bdp_db_dlk_l1_msk_view,hcc_cust_bhve_data,2026-08-03,464601308,2026-08-04
wdp_bdp_db_dlk_l1_msk_view,hcc_cust_bhve_data,2026-08-04,461512152,2026-08-05
wdp_bdp_db_dlk_l1_msk_view,hcc_cust_bhve_data,2026-08-05,526530376,2026-08-06
wdp_bdp_db_dlk_l1_msk_view,hcc_cust_bhve_data,2026-08-06,472568612,2026-08-07
wdp_bdp_db_dlk_l1_msk_view,hcc_cust_bhve_data,2026-08-07,491852716,2026-08-08
wdp_bdp_db_dlk_l1_msk_view,hcc_cust_bhve_data,2026-08-08,436317433,2026-08-09
wdp_bdp_db_dlk_l1_msk_view,hcc_cust_bhve_data,2026-08-09,414060102,2026-08-10
wdp_bdp_db_dlk_l1_msk_view,hcc_cust_bhve_data,2026-08-10,547318090,2026-08-11
wdp_bdp_db_dlk_l1_msk_view,hcc_cust_bhve_data,2026-08-11,492287436,2026-08-12
wdp_bdp_db_dlk_l1_msk_view,hcc_cust_bhve_data,2026-08-12,481190930,2026-08-13
wdp_bdp_db_dlk_l1_msk_view,hcc_cust_bhve_data,2026-08-13,524744456,2026-08-14
wdp_bdp_db_dlk_l1_msk_view,hcc_cust_bhve_data,2026-08-14,490988722,2026-08-15
wdp_bdp_db_dlk_l1_msk_view,hcc_cust_bhve_data,2026-08-15,431999361,2026-08-16
wdp_bdp_db_dlk_l1_msk_view,hcc_cust_bhve_data,2026-08-16,425846165,2026-08-17
wdp_bdp_db_dlk_l1_msk_view,hcc_cust_bhve_data,2026-08-17,529719985,2026-08-18
wdp_bdp_db_dlk_l1_msk_view,hcc_cust_bhve_data,2026-08-18,497305624,2026-08-19
wdp_bdp_db_dlk_l1_msk_view,hcc_cust_bhve_data,2026-08-19,521266004,2026-08-20
wdp_bdp_db_dlk_l1_msk_view,hcc_cust_bhve_data,2026-08-20,244661695,2026-08-21
wdp_bdp_db_dlk_l1_msk_view,hcc_cust_bhve_data,2026-08-21,521710015,2026-08-22
wdp_bdp_db_dlk_l1_msk_view,hcc_cust_bhve_data,2026-08-22,443445731,2026-08-23
wdp_bdp_db_dlk_l1_msk_view,hcc_cust_bhve_data,2026-08-23,502152735,2026-08-24
wdp_bdp_db_dlk_l1_msk_view,hcc_cust_bhve_data,2026-08-24,460302088,2026-08-25
wdp_bdp_db_dlk_l1_msk_view,hcc_cust_bhve_data,2026-08-25,491009104,2026-08-26
wdp_bdp_db_dlk_l1_msk_view,hcc_cust_bhve_data,2026-08-26,492766743,2026-08-27
wdp_bdp_db_dlk_l1_msk_view,hcc_cust_bhve_data,2026-08-27,526093440,2026-08-28
wdp_bdp_db_dlk_l1_msk_view,hcc_cust_bhve_data,2026-08-28,481984940,2026-08-29
wdp_bdp_db_dlk_l1_msk_view,hcc_cust_bhve_data,2026-08-29,502780904,2026-08-30
wdp_bdp_db_dlk_l1_msk_view,hcc_cust_bhve_data,2026-08-30,493109478,2026-08-31
wdp_bdp_db_dlk_l1_msk_view,hcc_cust_bhve_data,2026-08-31,501719645,2026-09-01
wdp_bdp_db_dlk_l2_msk_view,f13_svc_brnd_cndd_dict,2026-08-01,21358,2026-08-02
wdp_bdp_db_dlk_l2_msk_view,f13_svc_brnd_cndd_dict,2026-08-02,21360,2026-08-03
wdp_bdp_db_dlk_l2_msk_view,f13_svc_brnd_cndd_dict,2026-08-03,21365,2026-08-04
wdp_bdp_db_dlk_l2_msk_view,f13_svc_brnd_cndd_dict,2026-08-04,21372,2026-08-05
wdp_bdp_db_dlk_l2_msk_view,f13_svc_brnd_cndd_dict,2026-08-05,21358,2026-08-06
wdp_bdp_db_dlk_l2_msk_view,f13_svc_brnd_cndd_dict,2026-08-06,21376,2026-08-07
wdp_bdp_db_dlk_l2_msk_view,f13_svc_brnd_cndd_dict,2026-08-07,21381,2026-08-08
wdp_bdp_db_dlk_l2_msk_view,f13_svc_brnd_cndd_dict,2026-08-08,21373,2026-08-09
wdp_bdp_db_dlk_l2_msk_view,f13_svc_brnd_cndd_dict,2026-08-09,21377,2026-08-10
wdp_bdp_db_dlk_l2_msk_view,f13_svc_brnd_cndd_dict,2026-08-10,21391,2026-08-11
wdp_bdp_db_dlk_l2_msk_view,f13_svc_brnd_cndd_dict,2026-08-11,21386,2026-08-12
wdp_bdp_db_dlk_l2_msk_view,f13_svc_brnd_cndd_dict,2026-08-12,21387,2026-08-13
wdp_bdp_db_dlk_l2_msk_view,f13_svc_brnd_cndd_dict,2026-08-13,21399,2026-08-14
wdp_bdp_db_dlk_l2_msk_view,f13_svc_brnd_cndd_dict,2026-08-14,21396,2026-08-15
wdp_bdp_db_dlk_l2_msk_view,f13_svc_brnd_cndd_dict,2026-08-15,21403,2026-08-16
wdp_bdp_db_dlk_l2_msk_view,f13_svc_brnd_cndd_dict,2026-08-16,21411,2026-08-17
wdp_bdp_db_dlk_l2_msk_view,f13_svc_brnd_cndd_dict,2026-08-17,21411,2026-08-18
wdp_bdp_db_dlk_l2_msk_view,f13_svc_brnd_cndd_dict,2026-08-18,21425,2026-08-19
wdp_bdp_db_dlk_l2_msk_view,f13_svc_brnd_cndd_dict,2026-08-19,21419,2026-08-20
wdp_bdp_db_dlk_l2_msk_view,f13_svc_brnd_cndd_dict,2026-08-20,21422,2026-08-21
wdp_bdp_db_dlk_l2_msk_view,f13_svc_brnd_cndd_dict,2026-08-21,21432,2026-08-22
wdp_bdp_db_dlk_l2_msk_view,f13_svc_brnd_cndd_dict,2026-08-22,21447,2026-08-23
wdp_bdp_db_dlk_l2_msk_view,f13_svc_brnd_cndd_dict,2026-08-23,21447,2026-08-24
wdp_bdp_db_dlk_l2_msk_view,f13_svc_brnd_cndd_dict,2026-08-24,21446,2026-08-25
wdp_bdp_db_dlk_l2_msk_view,f13_svc_brnd_cndd_dict,2026-08-25,21460,2026-08-26
wdp_bdp_db_dlk_l2_msk_view,f13_svc_brnd_cndd_dict,2026-08-26,21454,2026-08-27
wdp_bdp_db_dlk_l2_msk_view,f13_svc_brnd_cndd_dict,2026-08-27,21467,2026-08-28
wdp_bdp_db_dlk_l2_msk_view,f13_svc_brnd_cndd_dict,2026-08-28,21469,2026-08-29
wdp_bdp_db_dlk_l2_msk_view,f13_svc_brnd_cndd_dict,2026-08-29,21469,2026-08-30
wdp_bdp_db_dlk_l2_msk_view,f13_svc_brnd_cndd_dict,2026-08-30,21484,2026-08-31
wdp_bdp_db_dlk_l2_msk_view,f13_svc_brnd_cndd_dict,2026-08-31,21471,2026-09-01
wdp_bdp_db_dlk_l2_msk_view,f13_svc_gpcc_trgt,2026-08-01,399913403,2026-08-02
wdp_bdp_db_dlk_l2_msk_view,f13_svc_gpcc_trgt,2026-08-02,390274030,2026-08-03
wdp_bdp_db_dlk_l2_msk_view,f13_svc_gpcc_trgt,2026-08-03,395433069,2026-08-04
wdp_bdp_db_dlk_l2_msk_view,f13_svc_gpcc_trgt,2026-08-04,392862837,2026-08-05
wdp_bdp_db_dlk_l2_msk_view,f13_svc_gpcc_trgt,2026-08-05,396870785,2026-08-06
wdp_bdp_db_dlk_l2_msk_view,f13_svc_gpcc_trgt,2026-08-06,393909964,2026-08-07
wdp_bdp_db_dlk_l2_msk_view,f13_svc_gpcc_trgt,2026-08-07,394011011,2026-08-08
wdp_bdp_db_dlk_l2_msk_view,f13_svc_gpcc_trgt,2026-08-08,393570196,2026-08-09
wdp_bdp_db_dlk_l2_msk_view,f13_svc_gpcc_trgt,2026-08-09,398351264,2026-08-10
wdp_bdp_db_dlk_l2_msk_view,f13_svc_gpcc_trgt,2026-08-10,398125496,2026-08-11
wdp_bdp_db_dlk_l2_msk_view,f13_svc_gpcc_trgt,2026-08-11,397956219,2026-08-12
wdp_bdp_db_dlk_l2_msk_view,f13_svc_gpcc_trgt,2026-08-12,395959252,2026-08-13
wdp_bdp_db_dlk_l2_msk_view,f13_svc_gpcc_trgt,2026-08-13,391811900,2026-08-14
wdp_bdp_db_dlk_l2_msk_view,f13_svc_gpcc_trgt,2026-08-14,225496044,2026-08-15
wdp_bdp_db_dlk_l2_msk_view,f13_svc_gpcc_trgt,2026-08-15,393146594,2026-08-16
wdp_bdp_db_dlk_l2_msk_view,f13_svc_gpcc_trgt,2026-08-16,390167295,2026-08-17
wdp_bdp_db_dlk_l2_msk_view,f13_svc_gpcc_trgt,2026-08-17,391010247,2026-08-18
wdp_bdp_db_dlk_l2_msk_view,f13_svc_gpcc_trgt,2026-08-18,392111898,2026-08-19
wdp_bdp_db_dlk_l2_msk_view,f13_svc_gpcc_trgt,2026-08-19,393287094,2026-08-20
wdp_bdp_db_dlk_l2_msk_view,f13_svc_gpcc_trgt,2026-08-20,394417135,2026-08-21
wdp_bdp_db_dlk_l2_msk_view,f13_svc_gpcc_trgt,2026-08-21,392895355,2026-08-22
wdp_bdp_db_dlk_l2_msk_view,f13_svc_gpcc_trgt,2026-08-22,399735329,2026-08-23
wdp_bdp_db_dlk_l2_msk_view,f13_svc_gpcc_trgt,2026-08-23,391658181,2026-08-24
wdp_bdp_db_dlk_l2_msk_view,f13_svc_gpcc_trgt,2026-08-24,398948265,2026-08-25
wdp_bdp_db_dlk_l2_msk_view,f13_svc_gpcc_trgt,2026-08-25,396152991,2026-08-26
wdp_bdp_db_dlk_l2_msk_view,f13_svc_gpcc_trgt,2026-08-26,399880174,2026-08-27
wdp_bdp_db_dlk_l2_msk_view,f13_svc_gpcc_trgt,2026-08-27,394874078,2026-08-28
wdp_bdp_db_dlk_l2_msk_view,f13_svc_gpcc_trgt,2026-08-28,398603681,2026-08-29
wdp_bdp_db_dlk_l2_msk_view,f13_svc_gpcc_trgt,2026-08-29,391451913,2026-08-30
wdp_bdp_db_dlk_l2_msk_view,f13_svc_gpcc_trgt,2026-08-30,393284560,2026-08-31
wdp_bdp_db_dlk_l2_msk_view,f13_svc_gpcc_trgt,2026-08-31,395448618,2026-09-01
wdp_bdp_db_dlk_l2_msk_view,mm_mrch_x_aggr_by_idx_by_id,2026-08-01,264007750,2026-08-02
wdp_bdp_db_dlk_l2_msk_view,mm_mrch_x_aggr_by_idx_by_id,2026-08-02,263955276,2026-08-03
wdp_bdp_db_dlk_l2_msk_view,mm_mrch_x_aggr_by_idx_by_id,2026-08-03,264204035,2026-08-04
wdp_bdp_db_dlk_l2_msk_view,mm_mrch_x_aggr_by_idx_by_id,2026-08-04,264209553,2026-08-05
wdp_bdp_db_dlk_l2_msk_view,mm_mrch_x_aggr_by_idx_by_id,2026-08-05,264260706,2026-08-06
wdp_bdp_db_dlk_l2_msk_view,mm_mrch_x_aggr_by_idx_by_id,2026-08-06,264371674,2026-08-07
wdp_bdp_db_dlk_l2_msk_view,mm_mrch_x_aggr_by_idx_by_id,2026-08-07,264312356,2026-08-08
wdp_bdp_db_dlk_l2_msk_view,mm_mrch_x_aggr_by_idx_by_id,2026-08-08,264385897,2026-08-09
wdp_bdp_db_dlk_l2_msk_view,mm_mrch_x_aggr_by_idx_by_id,2026-08-09,264433741,2026-08-10
wdp_bdp_db_dlk_l2_msk_view,mm_mrch_x_aggr_by_idx_by_id,2026-08-10,264530572,2026-08-11
wdp_bdp_db_dlk_l2_msk_view,mm_mrch_x_aggr_by_idx_by_id,2026-08-11,264588908,2026-08-12
wdp_bdp_db_dlk_l2_msk_view,mm_mrch_x_aggr_by_idx_by_id,2026-08-12,264494527,2026-08-13
wdp_bdp_db_dlk_l2_msk_view,mm_mrch_x_aggr_by_idx_by_id,2026-08-13,264618152,2026-08-14
wdp_bdp_db_dlk_l2_msk_view,mm_mrch_x_aggr_by_idx_by_id,2026-08-14,264734642,2026-08-15
wdp_bdp_db_dlk_l2_msk_view,mm_mrch_x_aggr_by_idx_by_id,2026-08-15,264766021,2026-08-16
wdp_bdp_db_dlk_l2_msk_view,mm_mrch_x_aggr_by_idx_by_id,2026-08-16,264886729,2026-08-17
wdp_bdp_db_dlk_l2_msk_view,mm_mrch_x_aggr_by_idx_by_id,2026-08-17,264946650,2026-08-18
wdp_bdp_db_dlk_l2_msk_view,mm_mrch_x_aggr_by_idx_by_id,2026-08-18,264832747,2026-08-19
wdp_bdp_db_dlk_l2_msk_view,mm_mrch_x_aggr_by_idx_by_id,2026-08-19,264835992,2026-08-20
wdp_bdp_db_dlk_l2_msk_view,mm_mrch_x_aggr_by_idx_by_id,2026-08-20,264895778,2026-08-21
wdp_bdp_db_dlk_l2_msk_view,mm_mrch_x_aggr_by_idx_by_id,2026-08-21,265041591,2026-08-22
wdp_bdp_db_dlk_l2_msk_view,mm_mrch_x_aggr_by_idx_by_id,2026-08-22,265161170,2026-08-23
wdp_bdp_db_dlk_l2_msk_view,mm_mrch_x_aggr_by_idx_by_id,2026-08-23,265048472,2026-08-24
wdp_bdp_db_dlk_l2_msk_view,mm_mrch_x_aggr_by_idx_by_id,2026-08-24,265234382,2026-08-25
wdp_bdp_db_dlk_l2_msk_view,mm_mrch_x_aggr_by_idx_by_id,2026-08-25,265399629,2026-08-26
wdp_bdp_db_dlk_l2_msk_view,mm_mrch_x_aggr_by_idx_by_id,2026-08-26,265401288,2026-08-27
wdp_bdp_db_dlk_l2_msk_view,mm_mrch_x_aggr_by_idx_by_id,2026-08-27,265252286,2026-08-28
wdp_bdp_db_dlk_l2_msk_view,mm_mrch_x_aggr_by_idx_by_id,2026-08-28,265442334,2026-08-29
wdp_bdp_db_dlk_l2_msk_view,mm_mrch_x_aggr_by_idx_by_id,2026-08-29,265523616,2026-08-30
wdp_bdp_db_dlk_l2_msk_view,mm_mrch_x_aggr_by_idx_by_id,2026-08-30,265586256,2026-08-31
wdp_bdp_db_dlk_l2_msk_view,mm_mrch_x_aggr_by_idx_by_id,2026-08-31,265571578,2026-09-01
wdp_bdp_db_dlk_l2_msk_view,f13_mrch_grp_mrch_rel,2026-08-01,3182844,2026-08-02
wdp_bdp_db_dlk_l2_msk_view,f13_mrch_grp_mrch_rel,2026-08-02,3185021,2026-08-03
wdp_bdp_db_dlk_l2_msk_view,f13_mrch_grp_mrch_rel,2026-08-03,3185648,2026-08-04
wdp_bdp_db_dlk_l2_msk_view,f13_mrch_grp_mrch_rel,2026-08-04,3185822,2026-08-05
wdp_bdp_db_dlk_l2_msk_view,f13_mrch_grp_mrch_rel,2026-08-05,3186839,2026-08-06
wdp_bdp_db_dlk_l2_msk_view,f13_mrch_grp_mrch_rel,2026-08-06,3185750,2026-08-07
wdp_bdp_db_dlk_l2_msk_view,f13_mrch_grp_mrch_rel,2026-08-07,3187010,2026-08-08
wdp_bdp_db_dlk_l2_msk_view,f13_mrch_grp_mrch_rel,2026-08-08,3188811,2026-08-09
wdp_bdp_db_dlk_l2_msk_view,f13_mrch_grp_mrch_rel,2026-08-09,3189502,2026-08-10
wdp_bdp_db_dlk_l2_msk_view,f13_mrch_grp_mrch_rel,2026-08-10,3189732,2026-08-11
wdp_bdp_db_dlk_l2_msk_view,f13_mrch_grp_mrch_rel,2026-08-11,3189824,2026-08-12
wdp_bdp_db_dlk_l2_msk_view,f13_mrch_grp_mrch_rel,2026-08-12,3191471,2026-08-13
wdp_bdp_db_dlk_l2_msk_view,f13_mrch_grp_mrch_rel,2026-08-13,3190287,2026-08-14
wdp_bdp_db_dlk_l2_msk_view,f13_mrch_grp_mrch_rel,2026-08-14,3192260,2026-08-15
wdp_bdp_db_dlk_l2_msk_view,f13_mrch_grp_mrch_rel,2026-08-15,3191476,2026-08-16
wdp_bdp_db_dlk_l2_msk_view,f13_mrch_grp_mrch_rel,2026-08-16,3192046,2026-08-17
wdp_bdp_db_dlk_l2_msk_view,f13_mrch_grp_mrch_rel,2026-08-17,3195042,2026-08-18
wdp_bdp_db_dlk_l2_msk_view,f13_mrch_grp_mrch_rel,2026-08-18,3195454,2026-08-19
wdp_bdp_db_dlk_l2_msk_view,f13_mrch_grp_mrch_rel,2026-08-19,3196111,2026-08-20
wdp_bdp_db_dlk_l2_msk_view,f13_mrch_grp_mrch_rel,2026-08-20,3194944,2026-08-21
wdp_bdp_db_dlk_l2_msk_view,f13_mrch_grp_mrch_rel,2026-08-21,3196640,2026-08-22
wdp_bdp_db_dlk_l2_msk_view,f13_mrch_grp_mrch_rel,2026-08-22,3197412,2026-08-23
wdp_bdp_db_dlk_l2_msk_view,f13_mrch_grp_mrch_rel,2026-08-23,3199472,2026-08-24
wdp_bdp_db_dlk_l2_msk_view,f13_mrch_grp_mrch_rel,2026-08-24,3197272,2026-08-25
wdp_bdp_db_dlk_l2_msk_view,f13_mrch_grp_mrch_rel,2026-08-25,3198065,2026-08-26
wdp_bdp_db_dlk_l2_msk_view,f13_mrch_grp_mrch_rel,2026-08-26,3199341,2026-08-27
wdp_bdp_db_dlk_l2_msk_view,f13_mrch_grp_mrch_rel,2026-08-27,3200218,2026-08-28
wdp_bdp_db_dlk_l2_msk_view,f13_mrch_grp_mrch_rel,2026-08-28,3201926,2026-08-29
wdp_bdp_db_dlk_l2_msk_view,f13_mrch_grp_mrch_rel,2026-08-29,3201455,2026-08-30
wdp_bdp_db_dlk_l2_msk_view,f13_mrch_grp_mrch_rel,2026-08-30,3201757,2026-08-31
wdp_bdp_db_dlk_l2_msk_view,f13_mrch_grp_mrch_rel,2026-08-31,3201847,2026-09-01
wdp_bdp_db_dlk_l1_msk_view,mrch_bsis,2026-08-01,3216472,2026-08-02
wdp_bdp_db_dlk_l1_msk_view,mrch_bsis,2026-08-02,3217139,2026-08-03
wdp_bdp_db_dlk_l1_msk_view,mrch_bsis,2026-08-03,3216751,2026-08-04
wdp_bdp_db_dlk_l1_msk_view,mrch_bsis,2026-08-04,3217990,2026-08-05
wdp_bdp_db_dlk_l1_msk_view,mrch_bsis,2026-08-05,3218137,2026-08-06
wdp_bdp_db_dlk_l1_msk_view,mrch_bsis,2026-08-06,3219145,2026-08-07
wdp_bdp_db_dlk_l1_msk_view,mrch_bsis,2026-08-07,3219418,2026-08-08
wdp_bdp_db_dlk_l1_msk_view,mrch_bsis,2026-08-08,3219496,2026-08-09
wdp_bdp_db_dlk_l1_msk_view,mrch_bsis,2026-08-09,3218621,2026-08-10
wdp_bdp_db_dlk_l1_msk_view,mrch_bsis,2026-08-10,3219986,2026-08-11
wdp_bdp_db_dlk_l1_msk_view,mrch_bsis,2026-08-11,3221839,2026-08-12
wdp_bdp_db_dlk_l1_msk_view,mrch_bsis,2026-08-12,3222386,2026-08-13
wdp_bdp_db_dlk_l1_msk_view,mrch_bsis,2026-08-13,3221671,2026-08-14
wdp_bdp_db_dlk_l1_msk_view,mrch_bsis,2026-08-14,3223395,2026-08-15
wdp_bdp_db_dlk_l1_msk_view,mrch_bsis,2026-08-15,3224281,2026-08-16
wdp_bdp_db_dlk_l1_msk_view,mrch_bsis,2026-08-16,3225039,2026-08-17
wdp_bdp_db_dlk_l1_msk_view,mrch_bsis,2026-08-17,3225678,2026-08-18
wdp_bdp_db_dlk_l1_msk_view,mrch_bsis,2026-08-18,3225651,2026-08-19
wdp_bdp_db_dlk_l1_msk_view,mrch_bsis,2026-08-19,3227163,2026-08-20
wdp_bdp_db_dlk_l1_msk_view,mrch_bsis,2026-08-20,3228347,2026-08-21
wdp_bdp_db_dlk_l1_msk_view,mrch_bsis,2026-08-21,3227621,2026-08-22
wdp_bdp_db_dlk_l1_msk_view,mrch_bsis,2026-08-22,3227610,2026-08-23
wdp_bdp_db_dlk_l1_msk_view,mrch_bsis,2026-08-23,3228350,2026-08-24
wdp_bdp_db_dlk_l1_msk_view,mrch_bsis,2026-08-24,3230018,2026-08-25
wdp_bdp_db_dlk_l1_msk_view,mrch_bsis,2026-08-25,3229839,2026-08-26
wdp_bdp_db_dlk_l1_msk_view,mrch_bsis,2026-08-26,3231222,2026-08-27
wdp_bdp_db_dlk_l1_msk_view,mrch_bsis,2026-08-27,3232404,2026-08-28
wdp_bdp_db_dlk_l1_msk_view,mrch_bsis,2026-08-28,3233278,2026-08-29
wdp_bdp_db_dlk_l1_msk_view,mrch_bsis,2026-08-29,3233000,2026-08-30
wdp_bdp_db_dlk_l1_msk_view,mrch_bsis,2026-08-30,3234123,2026-08-31
wdp_bdp_db_dlk_l1_msk_view,mrch_bsis,2026-08-31,3233419,2026-09-01
wdp_bdp_db_dlk_l2_msk_view,f13_svc_brnd_ctgr_dict,2026-08-01,862,2026-08-02
wdp_bdp_db_dlk_l2_msk_view,f13_svc_brnd_ctgr_dict,2026-08-02,861,2026-08-03
wdp_bdp_db_dlk_l2_msk_view,f13_svc_brnd_ctgr_dict,2026-08-03,862,2026-08-04
wdp_bdp_db_dlk_l2_msk_view,f13_svc_brnd_ctgr_dict,2026-08-04,862,2026-08-05
wdp_bdp_db_dlk_l2_msk_view,f13_svc_brnd_ctgr_dict,2026-08-05,862,2026-08-06
wdp_bdp_db_dlk_l2_msk_view,f13_svc_brnd_ctgr_dict,2026-08-06,862,2026-08-07
wdp_bdp_db_dlk_l2_msk_view,f13_svc_brnd_ctgr_dict,2026-08-07,862,2026-08-08
wdp_bdp_db_dlk_l2_msk_view,f13_svc_brnd_ctgr_dict,2026-08-08,863,2026-08-09
wdp_bdp_db_dlk_l2_msk_view,f13_svc_brnd_ctgr_dict,2026-08-09,863,2026-08-10
wdp_bdp_db_dlk_l2_msk_view,f13_svc_brnd_ctgr_dict,2026-08-10,863,2026-08-11
wdp_bdp_db_dlk_l2_msk_view,f13_svc_brnd_ctgr_dict,2026-08-11,863,2026-08-12
wdp_bdp_db_dlk_l2_msk_view,f13_svc_brnd_ctgr_dict,2026-08-12,863,2026-08-13
wdp_bdp_db_dlk_l2_msk_view,f13_svc_brnd_ctgr_dict,2026-08-13,863,2026-08-14
wdp_bdp_db_dlk_l2_msk_view,f13_svc_brnd_ctgr_dict,2026-08-14,864,2026-08-15
wdp_bdp_db_dlk_l2_msk_view,f13_svc_brnd_ctgr_dict,2026-08-15,864,2026-08-16
wdp_bdp_db_dlk_l2_msk_view,f13_svc_brnd_ctgr_dict,2026-08-16,864,2026-08-17
wdp_bdp_db_dlk_l2_msk_view,f13_svc_brnd_ctgr_dict,2026-08-17,864,2026-08-18
wdp_bdp_db_dlk_l2_msk_view,f13_svc_brnd_ctgr_dict,2026-08-18,864,2026-08-19
wdp_bdp_db_dlk_l2_msk_view,f13_svc_brnd_ctgr_dict,2026-08-19,865,2026-08-20
wdp_bdp_db_dlk_l2_msk_view,f13_svc_brnd_ctgr_dict,2026-08-20,865,2026-08-21
wdp_bdp_db_dlk_l2_msk_view,f13_svc_brnd_ctgr_dict,2026-08-21,865,2026-08-22
wdp_bdp_db_dlk_l2_msk_view,f13_svc_brnd_ctgr_dict,2026-08-22,865,2026-08-23
wdp_bdp_db_dlk_l2_msk_view,f13_svc_brnd_ctgr_dict,2026-08-23,865,2026-08-24
wdp_bdp_db_dlk_l2_msk_view,f13_svc_brnd_ctgr_dict,2026-08-24,866,2026-08-25
wdp_bdp_db_dlk_l2_msk_view,f13_svc_brnd_ctgr_dict,2026-08-25,866,2026-08-26
wdp_bdp_db_dlk_l2_msk_view,f13_svc_brnd_ctgr_dict,2026-08-26,866,2026-08-27
wdp_bdp_db_dlk_l2_msk_view,f13_svc_brnd_ctgr_dict,2026-08-27,866,2026-08-28
wdp_bdp_db_dlk_l2_msk_view,f13_svc_brnd_ctgr_dict,2026-08-28,867,2026-08-29
wdp_bdp_db_dlk_l2_msk_view,f13_svc_brnd_ctgr_dict,2026-08-29,866,2026-08-30
wdp_bdp_db_dlk_l2_msk_view,f13_svc_brnd_ctgr_dict,2026-08-30,867,2026-08-31
wdp_bdp_db_dlk_l2_msk_view,f13_svc_brnd_ctgr_dict,2026-08-31,867,2026-09-01
wdp_bdp_db_dlk_l2_msk_view,f13_svc_mccb_ctgr_dict,2026-08-01,1413,2026-08-02
wdp_bdp_db_dlk_l2_msk_view,f13_svc_mccb_ctgr_dict,2026-08-02,1412,2026-08-03
wdp_bdp_db_dlk_l2_msk_view,f13_svc_mccb_ctgr_dict,2026-08-03,1414,2026-08-04
wdp_bdp_db_dlk_l2_msk_view,f13_svc_mccb_ctgr_dict,2026-08-04,1414,2026-08-05
wdp_bdp_db_dlk_l2_msk_view,f13_svc_mccb_ctgr_dict,2026-08-05,1414,2026-08-06
wdp_bdp_db_dlk_l2_msk_view,f13_svc_mccb_ctgr_dict,2026-08-06,1415,2026-08-07
wdp_bdp_db_dlk_l2_msk_view,f13_svc_mccb_ctgr_dict,2026-08-07,1414,2026-08-08
wdp_bdp_db_dlk_l2_msk_view,f13_svc_mccb_ctgr_dict,2026-08-08,1415,2026-08-09
wdp_bdp_db_dlk_l2_msk_view,f13_svc_mccb_ctgr_dict,2026-08-09,1415,2026-08-10
wdp_bdp_db_dlk_l2_msk_view,f13_svc_mccb_ctgr_dict,2026-08-10,1415,2026-08-11
wdp_bdp_db_dlk_l2_msk_view,f13_svc_mccb_ctgr_dict,2026-08-11,1415,2026-08-12
wdp_bdp_db_dlk_l2_msk_view,f13_svc_mccb_ctgr_dict,2026-08-12,1416,2026-08-13
wdp_bdp_db_dlk_l2_msk_view,f13_svc_mccb_ctgr_dict,2026-08-13,1416,2026-08-14
wdp_bdp_db_dlk_l2_msk_view,f13_svc_mccb_ctgr_dict,2026-08-14,1417,2026-08-15
wdp_bdp_db_dlk_l2_msk_view,f13_svc_mccb_ctgr_dict,2026-08-15,1416,2026-08-16
wdp_bdp_db_dlk_l2_msk_view,f13_svc_mccb_ctgr_dict,2026-08-16,1417,2026-08-17
wdp_bdp_db_dlk_l2_msk_view,f13_svc_mccb_ctgr_dict,2026-08-17,1416,2026-08-18
wdp_bdp_db_dlk_l2_msk_view,f13_svc_mccb_ctgr_dict,2026-08-18,1417,2026-08-19
wdp_bdp_db_dlk_l2_msk_view,f13_svc_mccb_ctgr_dict,2026-08-19,1417,2026-08-20
wdp_bdp_db_dlk_l2_msk_view,f13_svc_mccb_ctgr_dict,2026-08-20,1418,2026-08-21
wdp_bdp_db_dlk_l2_msk_view,f13_svc_mccb_ctgr_dict,2026-08-21,1418,2026-08-22
wdp_bdp_db_dlk_l2_msk_view,f13_svc_mccb_ctgr_dict,2026-08-22,1418,2026-08-23
wdp_bdp_db_dlk_l2_msk_view,f13_svc_mccb_ctgr_dict,2026-08-23,1418,2026-08-24
wdp_bdp_db_dlk_l2_msk_view,f13_svc_mccb_ctgr_dict,2026-08-24,1419,2026-08-25
wdp_bdp_db_dlk_l2_msk_view,f13_svc_mccb_ctgr_dict,2026-08-25,1420,2026-08-26
wdp_bdp_db_dlk_l2_msk_view,f13_svc_mccb_ctgr_dict,2026-08-26,1419,2026-08-27
wdp_bdp_db_dlk_l2_msk_view,f13_svc_mccb_ctgr_dict,2026-08-27,1420,2026-08-28
wdp_bdp_db_dlk_l2_msk_view,f13_svc_mccb_ctgr_dict,2026-08-28,1421,2026-08-29
wdp_bdp_db_dlk_l2_msk_view,f13_svc_mccb_ctgr_dict,2026-08-29,1421,2026-08-30
wdp_bdp_db_dlk_l2_msk_view,f13_svc_mccb_ctgr_dict,2026-08-30,1421,2026-08-31
wdp_bdp_db_dlk_l2_msk_view,f13_svc_mccb_ctgr_dict,2026-08-31,1421,2026-09-01
