service_id,workflow_id,task_id,check_level,batch_cycle,expected_start_time,expected_end_time,delay_threshold_min
3f,gpcc_mark_success,,workflow,daily,00:58:12,00:58:24,5
3f,gpcc_dd_transfer,,workflow,daily,01:06:02,01:22:50,5
3f,gpcc_dq_mail,,workflow,daily,01:09:33,01:28:05,6
3f,GPCC_train,,workflow,unknown,06:00:12,09:58:20,10
3f,gpcc_train_dq_mail,,workflow,unknown,11:30:14,11:30:50,5
3f,temp_log_agg,,workflow,daily,12:00:13,12:31:11,10
3f,GPCC_stage1_item_feature,,workflow,daily,19:00:14,19:39:57,10
3f,GPCC_stage2_select,,workflow,daily,19:40:15,20:18:12,31
3f,GPCC_stage3_interaction_feautre,,workflow,daily,20:18:29,20:39:17,40
3f,gpcc_select_dq_mail,,workflow,daily,20:19:37,20:20:19,10
3f,GPCC_mthly_execute_trigger,,workflow,daily,21:30:13,21:30:24,5
3f,GPCC_mthly_rec_result,,workflow,daily,21:30:41,21:52:47,5
3f,duplicate_ft_result_check,,workflow,daily,23:49:47,23:50:29,5
3f,GPCC_stage4_post_proc,,workflow,daily,23:50:30,00:03:53,26
3f,gpcc_mark_success,check_mark_success,task,daily,00:58:12,00:58:24,5
3f,gpcc_dd_transfer,transfer_table,task,daily,01:06:02,01:09:15,5
3f,gpcc_dd_transfer,unload_oo3f_rec_benefit_result,task,daily,01:09:18,01:09:40,5
3f,gpcc_dd_transfer,sink_cms_transfer,task,daily,01:09:43,01:22:50,5
3f,gpcc_dq_mail,unload_dq_check,task,daily,01:09:33,01:12:52,5
3f,gpcc_dq_mail,unload_dq_candidate,task,daily,01:09:33,01:10:15,5
3f,gpcc_dq_mail,DQcheck,task,daily,01:12:55,01:23:25,5
3f,gpcc_dq_mail,save_dq_summary,task,daily,01:23:28,01:28:05,5
3f,GPCC_train,load_user_features_inf,task,unknown,06:00:12,06:02:05,5
3f,GPCC_train,load_user_features,task,unknown,06:00:13,06:01:07,5
3f,GPCC_train,load_item_emb_feat,task,unknown,06:00:13,06:00:26,5
3f,GPCC_train,load_item_meta,task,unknown,06:00:13,06:00:46,5
3f,GPCC_train,load_interaction,task,unknown,06:00:14,06:00:47,5
3f,GPCC_train,task_prd_pl_trn_pl2mfl3101_v2,task,unknown,06:02:08,09:55:54,10
3f,GPCC_train,save_cntn_lgcn_emb,task,unknown,09:55:58,09:57:02,10
3f,GPCC_train,save_item_cntn_emb,task,unknown,09:55:58,09:56:40,10
3f,GPCC_train,save_user_lgcn_emb,task,unknown,09:55:58,09:58:05,10
3f,GPCC_train,save_train_date,task,unknown,09:58:08,09:58:20,10
3f,gpcc_train_dq_mail,save_train_result,task,unknown,11:30:14,11:30:50,5
3f,temp_log_agg,load_log_agg,task,daily,12:00:13,12:30:45,10
3f,temp_log_agg,save_log_agg,task,daily,12:30:48,12:31:11,10
3f,GPCC_stage1_item_feature,make_pipeline_date,task,daily,19:00:14,19:03:11,5
3f,GPCC_stage1_item_feature,save_pipeline_date,task,daily,19:03:14,19:03:56,5
3f,GPCC_stage1_item_feature,load_item_feature,task,daily,19:03:59,19:08:21,5
3f,GPCC_stage1_item_feature,load_log_parser,task,daily,19:04:00,19:11:09,5
3f,GPCC_stage1_item_feature,load_item_meta,task,daily,19:03:59,19:06:44,5
3f,GPCC_stage1_item_feature,ItemMetaGenerator,task,daily,19:11:17,19:15:45,5
3f,GPCC_stage1_item_feature,LogGenerator,task,daily,19:15:53,19:24:47,5
3f,GPCC_stage1_item_feature,FT_ItemFeature,task,daily,19:24:50,19:30:52,5
3f,GPCC_stage1_item_feature,save_stage1_mart,task,daily,19:30:56,19:39:57,10
3f,GPCC_stage2_select,save_targeting,task,daily,19:40:15,19:43:04,10
3f,GPCC_stage2_select,save_cs_size,task,daily,19:43:07,19:43:59,10
3f,GPCC_stage2_select,load_user_features,task,daily,19:44:28,19:44:59,10
3f,GPCC_stage2_select,load_dv_features,task,daily,19:44:28,19:44:39,10
3f,GPCC_stage2_select,load_user_lgcn_embs,task,daily,19:44:28,19:44:59,10
3f,GPCC_stage2_select,load_item_meta,task,daily,19:44:28,19:44:40,10
3f,GPCC_stage2_select,load_item_emb_feat,task,daily,19:44:28,19:44:40,10
3f,GPCC_stage2_select,load_item_lgcn_embs,task,daily,19:44:28,19:44:40,10
3f,GPCC_stage2_select,task_prd_pl_inf_pl2mfl3101_v2,task,daily,19:45:03,20:15:12,10
3f,GPCC_stage2_select,save_cs_result,task,daily,20:15:15,20:16:57,10
3f,GPCC_stage2_select,save_gpcc,task,daily,20:17:00,20:18:12,10
3f,GPCC_stage3_interaction_feautre,load_interaction_feature,task,daily,20:18:29,20:24:11,10
3f,GPCC_stage3_interaction_feautre,load_rec_target,task,daily,20:18:29,20:19:10,10
3f,GPCC_stage3_interaction_feautre,FT_InteractionFeature,task,daily,20:24:14,20:33:04,10
3f,GPCC_stage3_interaction_feautre,save_inter_feature,task,daily,20:33:07,20:38:22,10
3f,GPCC_stage3_interaction_feautre,unload_shared_ft_features,task,daily,20:38:25,20:39:17,10
3f,gpcc_select_dq_mail,save_input_summary,task,daily,20:19:37,20:20:19,10
3f,gpcc_select_dq_mail,save_select_wf,task,daily,20:19:37,20:20:19,10
3f,GPCC_mthly_execute_trigger,trigger_execute_date,task,daily,21:30:13,21:30:24,5
3f,GPCC_mthly_rec_result,make_pipeline_date,task,daily,21:30:41,21:33:43,5
3f,GPCC_mthly_rec_result,load_rec_target,task,daily,21:33:46,21:34:59,5
3f,GPCC_mthly_rec_result,mk_mthly_rec_result,task,daily,21:35:02,21:45:29,5
3f,GPCC_mthly_rec_result,save_rec_result,task,daily,21:45:32,21:50:26,5
3f,GPCC_mthly_rec_result,mthly_dq_check,task,daily,21:50:29,21:52:47,5
3f,duplicate_ft_result_check,check_duplicate,task,daily,23:49:47,23:50:29,5
3f,GPCC_stage4_post_proc,load_rec_result,task,daily,23:50:30,23:52:07,5
3f,GPCC_stage4_post_proc,RecResult,task,daily,23:53:16,23:59:26,5
3f,GPCC_stage4_post_proc,save_rec_result,task,daily,23:59:31,00:03:28,5
3f,GPCC_stage4_post_proc,check_dd_rec_result,task,daily,00:03:31,00:03:53,5
