service_id,workflow_id,run_id,batch_cycle,run_type,run_status,start_time,end_time,duration_sec,base_dt,part_dt
3f,gpcc_mark_success,manual__2026-07-31T15:03:07.139078+00:00,daily,manual,success,2026-08-01 00:03:11.256,2026-08-01 00:03:32.735,21,2026-08-01,2026-08-02
3f,gpcc_dd_transfer,scheduled__2026-07-30T16:00:00+00:00,daily,scheduled,success,2026-08-01 01:00:04.643,2026-08-01 01:17:27.895,1043,2026-08-01,2026-08-02
3f,gpcc_dq_mail,manual__2026-07-31T16:03:28.396206+00:00,daily,manual,success,2026-08-01 01:03:32.018,2026-08-01 01:24:34.566,1262,2026-08-01,2026-08-02
3f,temp_log_agg,scheduled__2026-07-31T03:00:00+00:00,daily,scheduled,success,2026-08-01 12:00:06.460,2026-08-01 12:32:33.950,1947,2026-08-01,2026-08-02
3f,GPCC_stage1_item_feature,scheduled__2026-07-31T10:00:00+00:00,daily,scheduled,success,2026-08-01 19:00:07.402,2026-08-01 19:41:03.090,2455,2026-08-01,2026-08-02
3f,GPCC_stage2_select,manual__2026-08-01T10:40:59.239204+00:00,daily,manual,success,2026-08-01 19:41:02.435,2026-08-01 20:18:01.740,2219,2026-08-01,2026-08-02
3f,gpcc_select_dq_mail,scheduled__2026-07-31T11:00:00+00:00,daily,scheduled,success,2026-08-01 20:00:04.025,2026-08-01 20:20:43.083,1239,2026-08-01,2026-08-02
3f,GPCC_stage3_interaction_feautre,manual__2026-08-01T11:17:56.940010+00:00,daily,manual,success,2026-08-01 20:18:00.779,2026-08-01 20:38:55.471,1254,2026-08-01,2026-08-02
3f,GPCC_mthly_execute_trigger,scheduled__2026-07-31T12:30:00+00:00,daily,scheduled,success,2026-08-01 21:30:07.139,2026-08-01 21:30:40.570,33,2026-08-01,2026-08-02
3f,GPCC_mthly_rec_result,manual__2026-08-01T12:30:37.135501+00:00,daily,manual,success,2026-08-01 21:30:39.982,2026-08-01 21:51:54.162,1274,2026-08-01,2026-08-02
3f,duplicate_ft_result_check,scheduled__2026-07-31T14:40:00+00:00,daily,scheduled,success,2026-08-01 23:40:04.140,2026-08-01 23:51:07.467,663,2026-08-01,2026-08-02
3f,GPCC_stage4_post_proc,scheduled__2026-07-31T14:40:00+00:00,daily,scheduled,success,2026-08-01 23:40:05.233,2026-08-02 00:03:51.829,1426,2026-08-01,2026-08-02
3f,gpcc_mark_success,manual__2026-08-01T15:03:50.891707+00:00,daily,manual,success,2026-08-02 00:03:54.352,2026-08-02 00:04:17.237,22,2026-08-02,2026-08-03
3f,gpcc_dd_transfer,scheduled__2026-07-31T16:00:00+00:00,daily,scheduled,success,2026-08-02 01:00:06.178,2026-08-02 01:17:53.460,1067,2026-08-02,2026-08-03
3f,gpcc_dq_mail,manual__2026-08-01T16:03:39.571998+00:00,daily,manual,success,2026-08-02 01:03:43.141,2026-08-02 01:23:51.174,1208,2026-08-02,2026-08-03
3f,temp_log_agg,scheduled__2026-08-01T03:00:00+00:00,daily,scheduled,success,2026-08-02 12:00:03.841,2026-08-02 12:31:27.231,1883,2026-08-02,2026-08-03
3f,GPCC_stage1_item_feature,scheduled__2026-08-01T10:00:00+00:00,daily,scheduled,success,2026-08-02 19:00:06.005,2026-08-02 19:42:40.236,2554,2026-08-02,2026-08-03
3f,GPCC_stage2_select,manual__2026-08-02T10:42:36.503434+00:00,daily,manual,success,2026-08-02 19:42:39.658,2026-08-02 20:20:59.787,2300,2026-08-02,2026-08-03
3f,gpcc_select_dq_mail,scheduled__2026-08-01T11:00:00+00:00,daily,scheduled,success,2026-08-02 20:00:04.972,2026-08-02 20:20:22.840,1217,2026-08-02,2026-08-03
3f,GPCC_stage3_interaction_feautre,manual__2026-08-02T11:20:55.031417+00:00,daily,manual,success,2026-08-02 20:20:57.853,2026-08-02 20:43:02.494,1324,2026-08-02,2026-08-03
3f,GPCC_mthly_execute_trigger,scheduled__2026-08-01T12:30:00+00:00,daily,scheduled,success,2026-08-02 21:30:07.144,2026-08-02 21:30:35.352,28,2026-08-02,2026-08-03
3f,GPCC_mthly_rec_result,manual__2026-08-02T12:30:30.775542+00:00,daily,manual,success,2026-08-02 21:30:34.930,2026-08-02 21:54:22.075,1427,2026-08-02,2026-08-03
3f,duplicate_ft_result_check,scheduled__2026-08-01T14:40:00+00:00,daily,scheduled,success,2026-08-02 23:40:06.295,2026-08-02 23:51:08.614,662,2026-08-02,2026-08-03
3f,GPCC_stage4_post_proc,scheduled__2026-08-01T14:40:00+00:00,daily,scheduled,success,2026-08-02 23:40:07.729,2026-08-03 00:04:28.785,1461,2026-08-02,2026-08-03
3f,gpcc_mark_success,manual__2026-08-02T15:04:27.998364+00:00,daily,manual,success,2026-08-03 00:04:31.500,2026-08-03 00:04:51.642,20,2026-08-03,2026-08-04
3f,gpcc_dd_transfer,scheduled__2026-08-01T16:00:00+00:00,daily,scheduled,success,2026-08-03 01:00:05.801,2026-08-03 01:15:37.034,931,2026-08-03,2026-08-04
3f,gpcc_dq_mail,manual__2026-08-02T16:03:33.416411+00:00,daily,manual,success,2026-08-03 01:03:36.432,2026-08-03 01:25:07.873,1291,2026-08-03,2026-08-04
3f,GPCC_train,scheduled__2026-07-29T21:00:00+00:00,unknown,scheduled,success,2026-08-03 06:00:05.397,2026-08-03 10:01:20.029,14474,2026-08-03,2026-08-04
3f,gpcc_train_dq_mail,manual__2026-08-03T01:01:16.364269+00:00,unknown,manual,success,2026-08-03 10:01:19.291,2026-08-03 10:02:09.983,50,2026-08-03,2026-08-04
3f,gpcc_train_dq_mail,scheduled__2026-07-30T02:30:00+00:00,unknown,scheduled,success,2026-08-03 11:30:07.921,2026-08-03 11:31:01.280,53,2026-08-03,2026-08-04
3f,temp_log_agg,scheduled__2026-08-02T03:00:00+00:00,daily,scheduled,success,2026-08-03 12:00:05.246,2026-08-03 12:32:10.134,1924,2026-08-03,2026-08-04
3f,GPCC_stage1_item_feature,scheduled__2026-08-02T10:00:00+00:00,daily,scheduled,success,2026-08-03 19:00:04.707,2026-08-03 19:41:46.131,2501,2026-08-03,2026-08-04
3f,GPCC_stage2_select,manual__2026-08-03T10:41:41.915863+00:00,daily,manual,success,2026-08-03 19:41:44.937,2026-08-03 20:17:58.051,2173,2026-08-03,2026-08-04
3f,gpcc_select_dq_mail,scheduled__2026-08-02T11:00:00+00:00,daily,scheduled,success,2026-08-03 20:00:05.144,2026-08-03 20:20:41.103,1235,2026-08-03,2026-08-04
3f,GPCC_stage3_interaction_feautre,manual__2026-08-03T11:17:54.000219+00:00,daily,manual,success,2026-08-03 20:17:56.942,2026-08-03 20:40:27.939,1350,2026-08-03,2026-08-04
3f,GPCC_mthly_execute_trigger,scheduled__2026-08-02T12:30:00+00:00,daily,scheduled,success,2026-08-03 21:30:07.818,2026-08-03 21:30:32.468,24,2026-08-03,2026-08-04
3f,GPCC_mthly_rec_result,manual__2026-08-03T12:30:28.609170+00:00,daily,manual,success,2026-08-03 21:30:31.997,2026-08-03 21:51:51.161,1279,2026-08-03,2026-08-04
3f,GPCC_stage4_post_proc,scheduled__2026-08-02T14:40:00+00:00,daily,scheduled,success,2026-08-03 23:40:05.621,2026-08-04 00:01:25.342,1279,2026-08-03,2026-08-04
3f,duplicate_ft_result_check,scheduled__2026-08-02T14:40:00+00:00,daily,scheduled,success,2026-08-03 23:40:07.293,2026-08-03 23:51:13.092,665,2026-08-03,2026-08-04
3f,gpcc_mark_success,manual__2026-08-03T15:01:24.582399+00:00,daily,manual,success,2026-08-04 00:01:28.716,2026-08-04 00:01:55.757,27,2026-08-04,2026-08-05
3f,gpcc_dd_transfer,scheduled__2026-08-02T16:00:00+00:00,daily,scheduled,success,2026-08-04 01:00:05.123,2026-08-04 01:17:53.701,1068,2026-08-04,2026-08-05
3f,gpcc_dq_mail,manual__2026-08-03T16:03:38.143227+00:00,daily,manual,success,2026-08-04 01:03:41.946,2026-08-04 01:24:28.453,1246,2026-08-04,2026-08-05
3f,temp_log_agg,scheduled__2026-08-03T03:00:00+00:00,daily,scheduled,success,2026-08-04 12:00:03.791,2026-08-04 12:30:51.416,1847,2026-08-04,2026-08-05
3f,GPCC_stage1_item_feature,scheduled__2026-08-03T10:00:00+00:00,daily,scheduled,success,2026-08-04 19:00:06.963,2026-08-04 19:38:33.929,2306,2026-08-04,2026-08-05
3f,GPCC_stage2_select,manual__2026-08-04T10:38:29.671975+00:00,daily,manual,success,2026-08-04 19:38:32.698,2026-08-04 20:18:31.963,2399,2026-08-04,2026-08-05
3f,gpcc_select_dq_mail,scheduled__2026-08-03T11:00:00+00:00,daily,scheduled,success,2026-08-04 20:00:07.652,2026-08-04 20:20:51.594,1243,2026-08-04,2026-08-05
3f,GPCC_stage3_interaction_feautre,manual__2026-08-04T11:18:27.562082+00:00,daily,manual,success,2026-08-04 20:18:31.015,2026-08-04 20:38:48.809,1217,2026-08-04,2026-08-05
3f,GPCC_mthly_execute_trigger,scheduled__2026-08-03T12:30:00+00:00,daily,scheduled,success,2026-08-04 21:30:04.771,2026-08-04 21:30:32.464,27,2026-08-04,2026-08-05
3f,GPCC_mthly_rec_result,manual__2026-08-04T12:30:28.352545+00:00,daily,manual,success,2026-08-04 21:30:31.923,2026-08-04 21:54:03.937,1412,2026-08-04,2026-08-05
3f,GPCC_stage4_post_proc,scheduled__2026-08-03T14:40:00+00:00,daily,scheduled,success,2026-08-04 23:40:04.085,2026-08-05 00:00:22.005,1217,2026-08-04,2026-08-05
3f,duplicate_ft_result_check,scheduled__2026-08-03T14:40:00+00:00,daily,scheduled,success,2026-08-04 23:40:06.989,2026-08-04 23:51:49.788,702,2026-08-04,2026-08-05
3f,gpcc_mark_success,manual__2026-08-04T15:00:21.167788+00:00,daily,manual,success,2026-08-05 00:00:24.798,2026-08-05 00:00:45.053,20,2026-08-05,2026-08-06
3f,gpcc_dd_transfer,scheduled__2026-08-03T16:00:00+00:00,daily,scheduled,success,2026-08-05 01:00:06.921,2026-08-05 01:16:37.484,990,2026-08-05,2026-08-06
3f,gpcc_dq_mail,manual__2026-08-04T16:03:37.794018+00:00,daily,manual,success,2026-08-05 01:03:41.055,2026-08-05 01:22:43.132,1142,2026-08-05,2026-08-06
3f,temp_log_agg,scheduled__2026-08-04T03:00:00+00:00,daily,scheduled,success,2026-08-05 12:00:03.603,2026-08-05 12:33:53.051,2029,2026-08-05,2026-08-06
3f,GPCC_stage1_item_feature,scheduled__2026-08-04T10:00:00+00:00,daily,scheduled,success,2026-08-05 19:00:05.725,2026-08-05 19:37:31.756,2246,2026-08-05,2026-08-06
3f,GPCC_stage2_select,manual__2026-08-05T10:37:26.472998+00:00,daily,manual,success,2026-08-05 19:37:30.499,2026-08-05 20:15:12.252,2261,2026-08-05,2026-08-06
3f,gpcc_select_dq_mail,scheduled__2026-08-04T11:00:00+00:00,daily,scheduled,success,2026-08-05 20:00:05.389,2026-08-05 20:21:04.439,1259,2026-08-05,2026-08-06
3f,GPCC_stage3_interaction_feautre,manual__2026-08-05T11:15:07.954942+00:00,daily,manual,success,2026-08-05 20:15:10.812,2026-08-05 20:36:17.134,1266,2026-08-05,2026-08-06
3f,GPCC_mthly_execute_trigger,scheduled__2026-08-04T12:30:00+00:00,daily,scheduled,success,2026-08-05 21:30:04.574,2026-08-05 21:30:35.493,30,2026-08-05,2026-08-06
3f,GPCC_mthly_rec_result,manual__2026-08-05T12:30:30.803433+00:00,daily,manual,success,2026-08-05 21:30:34.954,2026-08-05 21:52:27.775,1312,2026-08-05,2026-08-06
3f,GPCC_stage4_post_proc,scheduled__2026-08-04T14:40:00+00:00,daily,scheduled,success,2026-08-05 23:40:04.810,2026-08-06 00:03:49.118,1424,2026-08-05,2026-08-06
3f,duplicate_ft_result_check,scheduled__2026-08-04T14:40:00+00:00,daily,scheduled,success,2026-08-05 23:40:05.859,2026-08-05 23:50:50.134,644,2026-08-05,2026-08-06
3f,gpcc_mark_success,manual__2026-08-05T15:03:48.210699+00:00,daily,manual,success,2026-08-06 00:03:51.503,2026-08-06 00:04:12.758,21,2026-08-06,2026-08-07
3f,gpcc_dd_transfer,scheduled__2026-08-04T16:00:00+00:00,daily,scheduled,success,2026-08-06 01:00:07.456,2026-08-06 01:16:55.609,1008,2026-08-06,2026-08-07
3f,gpcc_dq_mail,manual__2026-08-05T16:03:32.091621+00:00,daily,manual,success,2026-08-06 01:03:35.794,2026-08-06 01:22:31.279,1135,2026-08-06,2026-08-07
3f,GPCC_train,scheduled__2026-08-02T21:00:00+00:00,unknown,scheduled,success,2026-08-06 06:00:04.547,2026-08-06 10:04:33.165,14668,2026-08-06,2026-08-07
3f,gpcc_train_dq_mail,manual__2026-08-06T01:04:28.449391+00:00,unknown,manual,success,2026-08-06 10:04:31.808,2026-08-06 10:05:27.047,55,2026-08-06,2026-08-07
3f,gpcc_train_dq_mail,scheduled__2026-08-03T02:30:00+00:00,unknown,scheduled,success,2026-08-06 11:30:07.731,2026-08-06 11:31:07.541,59,2026-08-06,2026-08-07
3f,temp_log_agg,scheduled__2026-08-05T03:00:00+00:00,daily,scheduled,success,2026-08-06 12:00:06.158,2026-08-06 12:35:37.144,2130,2026-08-06,2026-08-07
3f,GPCC_stage1_item_feature,scheduled__2026-08-05T10:00:00+00:00,daily,scheduled,success,2026-08-06 19:00:07.419,2026-08-06 19:42:09.572,2522,2026-08-06,2026-08-07
3f,GPCC_stage2_select,manual__2026-08-06T10:42:05.456487+00:00,daily,manual,success,2026-08-06 19:42:08.454,2026-08-06 20:19:24.092,2235,2026-08-06,2026-08-07
3f,gpcc_select_dq_mail,scheduled__2026-08-05T11:00:00+00:00,daily,scheduled,success,2026-08-06 20:00:07.057,2026-08-06 20:21:28.364,1281,2026-08-06,2026-08-07
3f,GPCC_stage3_interaction_feautre,manual__2026-08-06T11:19:20.358599+00:00,daily,manual,success,2026-08-06 20:19:23.652,2026-08-06 20:41:17.468,1313,2026-08-06,2026-08-07
3f,GPCC_mthly_execute_trigger,scheduled__2026-08-05T12:30:00+00:00,daily,scheduled,success,2026-08-06 21:30:05.957,2026-08-06 21:30:35.869,29,2026-08-06,2026-08-07
3f,GPCC_mthly_rec_result,manual__2026-08-06T12:30:32.487528+00:00,daily,manual,success,2026-08-06 21:30:35.399,2026-08-06 21:53:23.443,1368,2026-08-06,2026-08-07
3f,GPCC_stage4_post_proc,scheduled__2026-08-05T14:40:00+00:00,daily,scheduled,success,2026-08-06 23:40:03.930,2026-08-07 00:02:32.012,1348,2026-08-06,2026-08-07
3f,duplicate_ft_result_check,scheduled__2026-08-05T14:40:00+00:00,daily,scheduled,success,2026-08-06 23:40:04.557,2026-08-06 23:52:48.328,763,2026-08-06,2026-08-07
3f,gpcc_mark_success,manual__2026-08-06T15:02:31.085051+00:00,daily,manual,success,2026-08-07 00:02:34.458,2026-08-07 00:03:00.045,25,2026-08-07,2026-08-08
3f,gpcc_dd_transfer,scheduled__2026-08-05T16:00:00+00:00,daily,scheduled,success,2026-08-07 01:00:06.831,2026-08-07 01:15:16.501,909,2026-08-07,2026-08-08
3f,gpcc_dq_mail,manual__2026-08-06T16:03:34.829693+00:00,daily,manual,success,2026-08-07 01:03:38.256,2026-08-07 01:23:18.567,1180,2026-08-07,2026-08-08
3f,temp_log_agg,scheduled__2026-08-06T03:00:00+00:00,daily,scheduled,success,2026-08-07 12:00:06.230,2026-08-07 12:30:32.028,1825,2026-08-07,2026-08-08
3f,GPCC_stage1_item_feature,scheduled__2026-08-06T10:00:00+00:00,daily,scheduled,success,2026-08-07 19:00:05.546,2026-08-07 19:40:47.257,2441,2026-08-07,2026-08-08
3f,GPCC_stage2_select,manual__2026-08-07T10:40:42.945713+00:00,daily,manual,success,2026-08-07 19:40:46.387,2026-08-07 20:19:51.036,2344,2026-08-07,2026-08-08
3f,gpcc_select_dq_mail,scheduled__2026-08-06T11:00:00+00:00,daily,scheduled,success,2026-08-07 20:00:06.932,2026-08-07 20:20:59.423,1252,2026-08-07,2026-08-08
3f,GPCC_stage3_interaction_feautre,manual__2026-08-07T11:19:46.275424+00:00,daily,manual,success,2026-08-07 20:19:50.057,2026-08-07 20:41:44.992,1314,2026-08-07,2026-08-08
3f,GPCC_mthly_execute_trigger,scheduled__2026-08-06T12:30:00+00:00,daily,scheduled,success,2026-08-07 21:30:06.959,2026-08-07 21:30:33.071,26,2026-08-07,2026-08-08
3f,GPCC_mthly_rec_result,manual__2026-08-07T12:30:29.012090+00:00,daily,manual,success,2026-08-07 21:30:32.729,2026-08-07 21:54:02.512,1409,2026-08-07,2026-08-08
3f,duplicate_ft_result_check,scheduled__2026-08-06T14:40:00+00:00,daily,scheduled,success,2026-08-07 23:40:05.271,2026-08-07 23:51:29.047,683,2026-08-07,2026-08-08
3f,GPCC_stage4_post_proc,scheduled__2026-08-06T14:40:00+00:00,daily,scheduled,success,2026-08-07 23:40:06.202,2026-08-08 00:03:14.394,1388,2026-08-07,2026-08-08
3f,gpcc_mark_success,manual__2026-08-07T15:03:13.632014+00:00,daily,manual,success,2026-08-08 00:03:17.367,2026-08-08 00:03:42.379,25,2026-08-08,2026-08-09
3f,gpcc_dd_transfer,scheduled__2026-08-06T16:00:00+00:00,daily,scheduled,success,2026-08-08 01:00:05.510,2026-08-08 01:17:06.694,1021,2026-08-08,2026-08-09
3f,gpcc_dq_mail,manual__2026-08-07T16:03:27.211815+00:00,daily,manual,success,2026-08-08 01:03:31.409,2026-08-08 01:21:01.249,1049,2026-08-08,2026-08-09
3f,temp_log_agg,scheduled__2026-08-07T03:00:00+00:00,daily,scheduled,success,2026-08-08 12:00:07.597,2026-08-08 12:34:39.760,2072,2026-08-08,2026-08-09
3f,GPCC_stage1_item_feature,scheduled__2026-08-07T10:00:00+00:00,daily,scheduled,success,2026-08-08 19:00:05.624,2026-08-08 19:57:53.192,3467,2026-08-08,2026-08-09
3f,GPCC_stage2_select,manual__2026-08-08T10:57:48.421531+00:00,daily,manual,success,2026-08-08 19:57:52.198,2026-08-08 20:37:51.115,2398,2026-08-08,2026-08-09
3f,gpcc_select_dq_mail,scheduled__2026-08-07T11:00:00+00:00,daily,scheduled,success,2026-08-08 20:00:03.869,2026-08-08 20:19:47.854,1183,2026-08-08,2026-08-09
3f,GPCC_stage3_interaction_feautre,manual__2026-08-08T11:37:46.069106+00:00,daily,manual,success,2026-08-08 20:37:49.441,2026-08-08 21:00:07.941,1338,2026-08-08,2026-08-09
3f,GPCC_mthly_execute_trigger,scheduled__2026-08-07T12:30:00+00:00,daily,scheduled,success,2026-08-08 21:30:06.914,2026-08-08 21:30:37.160,30,2026-08-08,2026-08-09
3f,GPCC_mthly_rec_result,manual__2026-08-08T12:30:32.789237+00:00,daily,manual,success,2026-08-08 21:30:36.711,2026-08-08 21:53:02.609,1345,2026-08-08,2026-08-09
3f,GPCC_stage4_post_proc,scheduled__2026-08-07T14:40:00+00:00,daily,scheduled,success,2026-08-08 23:40:05.369,2026-08-09 00:04:41.030,1475,2026-08-08,2026-08-09
3f,duplicate_ft_result_check,scheduled__2026-08-07T14:40:00+00:00,daily,scheduled,success,2026-08-08 23:40:06.440,2026-08-08 23:50:47.897,641,2026-08-08,2026-08-09
3f,gpcc_mark_success,manual__2026-08-08T15:04:40.165438+00:00,daily,manual,success,2026-08-09 00:04:43.513,2026-08-09 00:05:05.037,21,2026-08-09,2026-08-10
3f,gpcc_dd_transfer,scheduled__2026-08-07T16:00:00+00:00,daily,scheduled,success,2026-08-09 01:00:04.393,2026-08-09 01:15:52.163,947,2026-08-09,2026-08-10
3f,gpcc_dq_mail,manual__2026-08-08T16:03:24.653598+00:00,daily,manual,success,2026-08-09 01:03:28.029,2026-08-09 01:24:16.761,1248,2026-08-09,2026-08-10
3f,temp_log_agg,scheduled__2026-08-08T03:00:00+00:00,daily,scheduled,success,2026-08-09 12:00:06.339,2026-08-09 12:31:41.061,1894,2026-08-09,2026-08-10
3f,GPCC_stage1_item_feature,scheduled__2026-08-08T10:00:00+00:00,daily,scheduled,success,2026-08-09 19:00:03.605,2026-08-09 19:37:31.912,2248,2026-08-09,2026-08-10
3f,GPCC_stage2_select,manual__2026-08-09T10:37:27.001189+00:00,daily,manual,success,2026-08-09 19:37:31.042,2026-08-09 20:17:34.862,2403,2026-08-09,2026-08-10
3f,gpcc_select_dq_mail,scheduled__2026-08-08T11:00:00+00:00,daily,scheduled,success,2026-08-09 20:00:05.233,2026-08-09 20:21:50.259,1305,2026-08-09,2026-08-10
3f,GPCC_stage3_interaction_feautre,manual__2026-08-09T11:17:29.984490+00:00,daily,manual,success,2026-08-09 20:17:33.112,2026-08-09 20:39:10.359,1297,2026-08-09,2026-08-10
3f,GPCC_mthly_execute_trigger,scheduled__2026-08-08T12:30:00+00:00,daily,scheduled,success,2026-08-09 21:30:06.964,2026-08-09 21:30:32.728,25,2026-08-09,2026-08-10
3f,GPCC_mthly_rec_result,manual__2026-08-09T12:30:29.007255+00:00,daily,manual,success,2026-08-09 21:30:32.085,2026-08-09 21:52:44.017,1331,2026-08-09,2026-08-10
3f,duplicate_ft_result_check,scheduled__2026-08-08T14:40:00+00:00,daily,scheduled,success,2026-08-09 23:40:04.528,2026-08-09 23:50:35.905,631,2026-08-09,2026-08-10
3f,GPCC_stage4_post_proc,scheduled__2026-08-08T14:40:00+00:00,daily,scheduled,success,2026-08-09 23:40:04.872,2026-08-10 00:03:20.357,1395,2026-08-09,2026-08-10
3f,gpcc_mark_success,manual__2026-08-09T15:03:19.443594+00:00,daily,manual,success,2026-08-10 00:03:23.120,2026-08-10 00:03:49.080,25,2026-08-10,2026-08-11
3f,gpcc_dd_transfer,scheduled__2026-08-08T16:00:00+00:00,daily,scheduled,success,2026-08-10 01:00:06.587,2026-08-10 01:17:38.479,1051,2026-08-10,2026-08-11
3f,gpcc_dq_mail,manual__2026-08-09T16:03:38.432269+00:00,daily,manual,success,2026-08-10 01:03:41.268,2026-08-10 01:22:39.119,1137,2026-08-10,2026-08-11
3f,GPCC_train,scheduled__2026-08-05T21:00:00+00:00,unknown,scheduled,success,2026-08-10 06:00:03.485,2026-08-10 09:50:45.217,13841,2026-08-10,2026-08-11
3f,gpcc_train_dq_mail,manual__2026-08-10T00:50:41.069471+00:00,unknown,manual,success,2026-08-10 09:50:44.702,2026-08-10 09:51:42.948,58,2026-08-10,2026-08-11
3f,gpcc_train_dq_mail,scheduled__2026-08-06T02:30:00+00:00,unknown,scheduled,success,2026-08-10 11:30:06.432,2026-08-10 11:31:02.934,56,2026-08-10,2026-08-11
3f,temp_log_agg,scheduled__2026-08-09T03:00:00+00:00,daily,scheduled,success,2026-08-10 12:00:04.577,2026-08-10 12:29:10.871,1746,2026-08-10,2026-08-11
3f,GPCC_stage1_item_feature,scheduled__2026-08-09T10:00:00+00:00,daily,scheduled,success,2026-08-10 19:00:05.338,2026-08-10 19:41:06.907,2461,2026-08-10,2026-08-11
3f,GPCC_stage2_select,manual__2026-08-10T10:41:03.189359+00:00,daily,manual,success,2026-08-10 19:41:06.503,2026-08-10 20:23:24.681,2538,2026-08-10,2026-08-11
3f,gpcc_select_dq_mail,scheduled__2026-08-09T11:00:00+00:00,daily,scheduled,success,2026-08-10 20:00:05.824,2026-08-10 20:21:28.192,1282,2026-08-10,2026-08-11
3f,GPCC_stage3_interaction_feautre,manual__2026-08-10T11:23:20.513161+00:00,daily,manual,success,2026-08-10 20:23:24.216,2026-08-10 20:44:38.398,1274,2026-08-10,2026-08-11
3f,GPCC_mthly_execute_trigger,scheduled__2026-08-09T12:30:00+00:00,daily,scheduled,success,2026-08-10 21:30:06.978,2026-08-10 21:30:34.262,27,2026-08-10,2026-08-11
3f,GPCC_mthly_rec_result,manual__2026-08-10T12:30:30.887632+00:00,daily,manual,success,2026-08-10 21:30:33.897,2026-08-10 21:53:20.839,1366,2026-08-10,2026-08-11
3f,GPCC_stage4_post_proc,scheduled__2026-08-09T14:40:00+00:00,daily,scheduled,success,2026-08-10 23:40:03.844,2026-08-11 00:02:31.551,1347,2026-08-10,2026-08-11
3f,duplicate_ft_result_check,scheduled__2026-08-09T14:40:00+00:00,daily,scheduled,success,2026-08-10 23:40:05.988,2026-08-10 23:52:23.614,737,2026-08-10,2026-08-11
3f,gpcc_mark_success,manual__2026-08-10T15:02:30.650883+00:00,daily,manual,success,2026-08-11 00:02:34.398,2026-08-11 00:03:01.818,27,2026-08-11,2026-08-12
3f,gpcc_dd_transfer,scheduled__2026-08-09T16:00:00+00:00,daily,scheduled,success,2026-08-11 01:00:06.071,2026-08-11 01:17:56.579,1070,2026-08-11,2026-08-12
3f,gpcc_dq_mail,manual__2026-08-10T16:03:40.843601+00:00,daily,manual,success,2026-08-11 01:03:44.469,2026-08-11 01:24:59.467,1274,2026-08-11,2026-08-12
3f,temp_log_agg,scheduled__2026-08-10T03:00:00+00:00,daily,scheduled,success,2026-08-11 12:00:04.153,2026-08-11 12:32:48.362,1964,2026-08-11,2026-08-12
3f,GPCC_stage1_item_feature,scheduled__2026-08-10T10:00:00+00:00,daily,scheduled,success,2026-08-11 19:00:03.917,2026-08-11 19:40:11.572,2407,2026-08-11,2026-08-12
3f,GPCC_stage2_select,manual__2026-08-11T10:40:07.454481+00:00,daily,manual,success,2026-08-11 19:40:10.672,2026-08-11 20:17:36.684,2246,2026-08-11,2026-08-12
3f,gpcc_select_dq_mail,scheduled__2026-08-10T11:00:00+00:00,daily,scheduled,success,2026-08-11 20:00:05.323,2026-08-11 20:18:54.363,1129,2026-08-11,2026-08-12
3f,GPCC_stage3_interaction_feautre,manual__2026-08-11T11:17:32.167065+00:00,daily,manual,success,2026-08-11 20:17:35.612,2026-08-11 20:38:26.099,1250,2026-08-11,2026-08-12
3f,GPCC_mthly_execute_trigger,scheduled__2026-08-10T12:30:00+00:00,daily,scheduled,success,2026-08-11 21:30:05.402,2026-08-11 21:30:30.052,24,2026-08-11,2026-08-12
3f,GPCC_mthly_rec_result,manual__2026-08-11T12:30:26.492480+00:00,daily,manual,success,2026-08-11 21:30:29.473,2026-08-11 21:55:43.389,1513,2026-08-11,2026-08-12
3f,GPCC_stage4_post_proc,scheduled__2026-08-10T14:40:00+00:00,daily,scheduled,success,2026-08-11 23:40:07.249,2026-08-12 00:05:08.804,1501,2026-08-11,2026-08-12
3f,duplicate_ft_result_check,scheduled__2026-08-10T14:40:00+00:00,daily,scheduled,success,2026-08-11 23:40:07.497,2026-08-11 23:50:47.679,640,2026-08-11,2026-08-12
3f,gpcc_mark_success,manual__2026-08-11T15:05:07.957916+00:00,daily,manual,success,2026-08-12 00:05:11.712,2026-08-12 00:05:34.290,22,2026-08-12,2026-08-13
3f,gpcc_dd_transfer,scheduled__2026-08-10T16:00:00+00:00,daily,scheduled,success,2026-08-12 01:00:05.524,2026-08-12 01:15:24.080,918,2026-08-12,2026-08-13
3f,gpcc_dq_mail,manual__2026-08-11T16:03:31.636082+00:00,daily,manual,success,2026-08-12 01:03:35.227,2026-08-12 01:23:18.527,1183,2026-08-12,2026-08-13
3f,temp_log_agg,scheduled__2026-08-11T03:00:00+00:00,daily,scheduled,success,2026-08-12 12:00:07.139,2026-08-12 12:30:06.861,1799,2026-08-12,2026-08-13
3f,GPCC_stage1_item_feature,scheduled__2026-08-11T10:00:00+00:00,daily,scheduled,success,2026-08-12 19:00:07.536,2026-08-12 19:42:54.302,2566,2026-08-12,2026-08-13
3f,GPCC_stage2_select,manual__2026-08-12T10:42:50.661335+00:00,daily,manual,success,2026-08-12 19:42:53.546,2026-08-12 20:19:30.745,2197,2026-08-12,2026-08-13
3f,gpcc_select_dq_mail,scheduled__2026-08-11T11:00:00+00:00,daily,scheduled,success,2026-08-12 20:00:06.619,2026-08-12 20:20:52.355,1245,2026-08-12,2026-08-13
3f,GPCC_stage3_interaction_feautre,manual__2026-08-12T11:19:25.811172+00:00,daily,manual,success,2026-08-12 20:19:29.676,2026-08-12 20:40:31.647,1261,2026-08-12,2026-08-13
3f,GPCC_mthly_execute_trigger,scheduled__2026-08-11T12:30:00+00:00,daily,scheduled,success,2026-08-12 21:30:07.019,2026-08-12 21:30:33.138,26,2026-08-12,2026-08-13
3f,GPCC_mthly_rec_result,manual__2026-08-12T12:30:29.606086+00:00,daily,manual,success,2026-08-12 21:30:32.759,2026-08-12 21:52:46.048,1333,2026-08-12,2026-08-13
3f,duplicate_ft_result_check,scheduled__2026-08-11T14:40:00+00:00,daily,scheduled,success,2026-08-12 23:40:03.775,2026-08-12 23:50:45.758,641,2026-08-12,2026-08-13
3f,GPCC_stage4_post_proc,scheduled__2026-08-11T14:40:00+00:00,daily,scheduled,success,2026-08-12 23:40:05.807,2026-08-13 00:35:30.601,3324,2026-08-12,2026-08-13
3f,gpcc_mark_success,manual__2026-08-12T15:35:29.667263+00:00,daily,manual,success,2026-08-13 00:35:33.036,2026-08-13 00:35:55.928,22,2026-08-13,2026-08-14
3f,gpcc_dd_transfer,scheduled__2026-08-11T16:00:00+00:00,daily,scheduled,success,2026-08-13 01:00:05.532,2026-08-13 01:16:35.849,990,2026-08-13,2026-08-14
3f,gpcc_dq_mail,manual__2026-08-12T16:03:29.291896+00:00,daily,manual,success,2026-08-13 01:03:32.157,2026-08-13 01:24:34.448,1262,2026-08-13,2026-08-14
3f,GPCC_train,scheduled__2026-08-09T21:00:00+00:00,unknown,scheduled,success,2026-08-13 06:00:03.450,2026-08-13 09:46:08.500,13565,2026-08-13,2026-08-14
3f,gpcc_train_dq_mail,manual__2026-08-13T00:46:04.382667+00:00,unknown,manual,success,2026-08-13 09:46:07.184,2026-08-13 09:47:06.659,59,2026-08-13,2026-08-14
3f,gpcc_train_dq_mail,scheduled__2026-08-10T02:30:00+00:00,unknown,scheduled,success,2026-08-13 11:30:05.313,2026-08-13 11:31:00.206,54,2026-08-13,2026-08-14
3f,temp_log_agg,scheduled__2026-08-12T03:00:00+00:00,daily,scheduled,success,2026-08-13 12:00:05.020,2026-08-13 12:32:33.011,1947,2026-08-13,2026-08-14
3f,GPCC_stage1_item_feature,scheduled__2026-08-12T10:00:00+00:00,daily,scheduled,success,2026-08-13 19:00:04.583,2026-08-13 19:36:57.010,2212,2026-08-13,2026-08-14
3f,GPCC_stage2_select,manual__2026-08-13T10:36:51.848542+00:00,daily,manual,success,2026-08-13 19:36:55.450,2026-08-13 20:17:46.863,2451,2026-08-13,2026-08-14
3f,gpcc_select_dq_mail,scheduled__2026-08-12T11:00:00+00:00,daily,scheduled,success,2026-08-13 20:00:05.606,2026-08-13 20:19:02.271,1136,2026-08-13,2026-08-14
3f,GPCC_stage3_interaction_feautre,manual__2026-08-13T11:17:41.651274+00:00,daily,manual,success,2026-08-13 20:17:45.440,2026-08-13 20:38:57.280,1271,2026-08-13,2026-08-14
3f,GPCC_mthly_execute_trigger,scheduled__2026-08-12T12:30:00+00:00,daily,scheduled,success,2026-08-13 21:30:06.958,2026-08-13 21:30:34.905,27,2026-08-13,2026-08-14
3f,GPCC_mthly_rec_result,manual__2026-08-13T12:30:31.392877+00:00,daily,manual,success,2026-08-13 21:30:34.209,2026-08-13 21:53:05.606,1351,2026-08-13,2026-08-14
3f,GPCC_stage4_post_proc,scheduled__2026-08-12T14:40:00+00:00,daily,scheduled,success,2026-08-13 23:40:04.687,2026-08-14 00:05:02.264,1497,2026-08-13,2026-08-14
3f,duplicate_ft_result_check,scheduled__2026-08-12T14:40:00+00:00,daily,scheduled,success,2026-08-13 23:40:04.880,2026-08-13 23:50:49.591,644,2026-08-13,2026-08-14
3f,gpcc_mark_success,manual__2026-08-13T15:05:01.410306+00:00,daily,manual,success,2026-08-14 00:05:04.419,2026-08-14 00:05:25.165,20,2026-08-14,2026-08-15
3f,gpcc_dd_transfer,scheduled__2026-08-12T16:00:00+00:00,daily,scheduled,success,2026-08-14 01:00:04.545,2026-08-14 01:18:12.868,1088,2026-08-14,2026-08-15
3f,gpcc_dq_mail,manual__2026-08-13T16:03:26.314863+00:00,daily,manual,success,2026-08-14 01:03:29.439,2026-08-14 01:21:35.265,1085,2026-08-14,2026-08-15
3f,temp_log_agg,scheduled__2026-08-13T03:00:00+00:00,daily,scheduled,success,2026-08-14 12:00:03.421,2026-08-14 12:27:39.581,1656,2026-08-14,2026-08-15
3f,GPCC_stage1_item_feature,scheduled__2026-08-13T10:00:00+00:00,daily,scheduled,success,2026-08-14 19:00:07.310,2026-08-14 19:25:34.904,1527,2026-08-14,2026-08-15
3f,GPCC_stage2_select,manual__2026-08-14T10:25:29.176571+00:00,daily,manual,success,2026-08-14 19:25:33.366,2026-08-14 19:48:25.214,1371,2026-08-14,2026-08-15
3f,GPCC_stage3_interaction_feautre,manual__2026-08-14T10:48:20.029632+00:00,daily,manual,success,2026-08-14 19:48:23.279,2026-08-14 20:03:43.485,920,2026-08-14,2026-08-15
3f,gpcc_select_dq_mail,scheduled__2026-08-13T11:00:00+00:00,daily,scheduled,success,2026-08-14 20:00:04.700,2026-08-14 20:21:38.874,1294,2026-08-14,2026-08-15
3f,GPCC_mthly_execute_trigger,scheduled__2026-08-13T12:30:00+00:00,daily,scheduled,success,2026-08-14 21:30:07.412,2026-08-14 21:30:38.668,31,2026-08-14,2026-08-15
3f,GPCC_mthly_rec_result,manual__2026-08-14T12:30:35.196518+00:00,daily,manual,success,2026-08-14 21:30:38.339,2026-08-14 21:51:40.926,1262,2026-08-14,2026-08-15
3f,duplicate_ft_result_check,scheduled__2026-08-13T14:40:00+00:00,daily,scheduled,success,2026-08-14 23:40:07.244,2026-08-14 23:46:59.348,412,2026-08-14,2026-08-15
3f,GPCC_stage4_post_proc,scheduled__2026-08-13T14:40:00+00:00,daily,scheduled,success,2026-08-14 23:40:07.511,2026-08-14 23:53:21.617,794,2026-08-14,2026-08-15
3f,gpcc_mark_success,manual__2026-08-14T14:53:20.722066+00:00,daily,manual,success,2026-08-14 23:53:24.291,2026-08-14 23:53:47.825,23,2026-08-14,2026-08-15
3f,gpcc_dd_transfer,scheduled__2026-08-13T16:00:00+00:00,daily,scheduled,success,2026-08-15 01:00:06.702,2026-08-15 01:16:10.530,963,2026-08-15,2026-08-16
3f,gpcc_dq_mail,manual__2026-08-14T16:03:40.862702+00:00,daily,manual,success,2026-08-15 01:03:43.967,2026-08-15 01:23:34.357,1190,2026-08-15,2026-08-16
3f,temp_log_agg,scheduled__2026-08-14T03:00:00+00:00,daily,scheduled,success,2026-08-15 12:00:05.692,2026-08-15 12:30:05.085,1799,2026-08-15,2026-08-16
3f,GPCC_stage1_item_feature,scheduled__2026-08-14T10:00:00+00:00,daily,scheduled,success,2026-08-15 19:00:05.000,2026-08-15 19:39:09.507,2344,2026-08-15,2026-08-16
3f,GPCC_stage2_select,manual__2026-08-15T10:39:04.133586+00:00,daily,manual,success,2026-08-15 19:39:08.282,2026-08-15 20:18:36.659,2368,2026-08-15,2026-08-16
3f,gpcc_select_dq_mail,scheduled__2026-08-14T11:00:00+00:00,daily,scheduled,success,2026-08-15 20:00:05.781,2026-08-15 20:23:50.890,1425,2026-08-15,2026-08-16
3f,GPCC_stage3_interaction_feautre,manual__2026-08-15T11:18:32.175323+00:00,daily,manual,success,2026-08-15 20:18:35.972,2026-08-15 20:42:11.451,1415,2026-08-15,2026-08-16
3f,GPCC_mthly_execute_trigger,scheduled__2026-08-14T12:30:00+00:00,daily,scheduled,success,2026-08-15 21:30:07.172,2026-08-15 21:30:33.075,25,2026-08-15,2026-08-16
3f,GPCC_mthly_rec_result,manual__2026-08-15T12:30:29.380705+00:00,daily,manual,success,2026-08-15 21:30:32.515,2026-08-15 21:52:31.400,1318,2026-08-15,2026-08-16
3f,GPCC_stage4_post_proc,scheduled__2026-08-14T14:40:00+00:00,daily,scheduled,success,2026-08-15 23:40:04.453,2026-08-16 00:02:52.920,1368,2026-08-15,2026-08-16
3f,duplicate_ft_result_check,scheduled__2026-08-14T14:40:00+00:00,daily,scheduled,success,2026-08-15 23:40:04.698,2026-08-15 23:50:33.686,628,2026-08-15,2026-08-16
3f,gpcc_mark_success,manual__2026-08-15T15:02:51.984959+00:00,daily,manual,success,2026-08-16 00:02:55.128,2026-08-16 00:03:15.154,20,2026-08-16,2026-08-17
3f,gpcc_dd_transfer,scheduled__2026-08-14T16:00:00+00:00,daily,scheduled,success,2026-08-16 01:00:04.774,2026-08-16 01:17:10.213,1025,2026-08-16,2026-08-17
3f,gpcc_dq_mail,manual__2026-08-15T16:03:22.756702+00:00,daily,manual,success,2026-08-16 01:03:25.970,2026-08-16 01:23:02.019,1176,2026-08-16,2026-08-17
3f,temp_log_agg,scheduled__2026-08-15T03:00:00+00:00,daily,scheduled,success,2026-08-16 12:00:07.721,2026-08-16 12:27:43.881,1656,2026-08-16,2026-08-17
3f,GPCC_stage1_item_feature,scheduled__2026-08-15T10:00:00+00:00,daily,scheduled,success,2026-08-16 19:00:07.045,2026-08-16 19:43:16.694,2589,2026-08-16,2026-08-17
3f,GPCC_stage2_select,manual__2026-08-16T10:43:12.410015+00:00,daily,manual,success,2026-08-16 19:43:15.324,2026-08-16 20:23:30.697,2415,2026-08-16,2026-08-17
3f,gpcc_select_dq_mail,scheduled__2026-08-15T11:00:00+00:00,daily,scheduled,success,2026-08-16 20:00:06.883,2026-08-16 20:19:24.746,1157,2026-08-16,2026-08-17
3f,GPCC_stage3_interaction_feautre,manual__2026-08-16T11:23:25.899226+00:00,daily,manual,success,2026-08-16 20:23:28.951,2026-08-16 20:44:33.656,1264,2026-08-16,2026-08-17
3f,GPCC_mthly_execute_trigger,scheduled__2026-08-15T12:30:00+00:00,daily,scheduled,success,2026-08-16 21:30:04.496,2026-08-16 21:30:36.484,31,2026-08-16,2026-08-17
3f,GPCC_mthly_rec_result,manual__2026-08-16T12:30:32.851084+00:00,daily,manual,success,2026-08-16 21:30:35.921,2026-08-16 21:51:46.880,1270,2026-08-16,2026-08-17
3f,duplicate_ft_result_check,scheduled__2026-08-15T14:40:00+00:00,daily,scheduled,success,2026-08-16 23:40:05.286,2026-08-16 23:51:15.425,670,2026-08-16,2026-08-17
3f,GPCC_stage4_post_proc,scheduled__2026-08-15T14:40:00+00:00,daily,scheduled,success,2026-08-16 23:40:06.550,2026-08-17 00:03:54.612,1428,2026-08-16,2026-08-17
3f,gpcc_mark_success,manual__2026-08-16T15:03:53.679343+00:00,daily,manual,success,2026-08-17 00:03:57.538,2026-08-17 00:04:18.575,21,2026-08-17,2026-08-18
3f,gpcc_dd_transfer,scheduled__2026-08-15T16:00:00+00:00,daily,scheduled,success,2026-08-17 01:00:03.863,2026-08-17 01:17:04.603,1020,2026-08-17,2026-08-18
3f,gpcc_dq_mail,manual__2026-08-16T16:03:34.653206+00:00,daily,manual,success,2026-08-17 01:03:38.845,2026-08-17 01:22:45.269,1146,2026-08-17,2026-08-18
3f,GPCC_train,scheduled__2026-08-12T21:00:00+00:00,unknown,scheduled,success,2026-08-17 06:00:07.146,2026-08-17 10:02:24.670,14537,2026-08-17,2026-08-18
3f,gpcc_train_dq_mail,manual__2026-08-17T01:02:19.361690+00:00,unknown,manual,success,2026-08-17 10:02:23.186,2026-08-17 10:03:22.260,59,2026-08-17,2026-08-18
3f,gpcc_train_dq_mail,scheduled__2026-08-13T02:30:00+00:00,unknown,scheduled,success,2026-08-17 11:30:07.774,2026-08-17 11:31:02.820,55,2026-08-17,2026-08-18
3f,temp_log_agg,scheduled__2026-08-16T03:00:00+00:00,daily,scheduled,success,2026-08-17 12:00:05.056,2026-08-17 12:34:46.615,2081,2026-08-17,2026-08-18
3f,GPCC_stage1_item_feature,scheduled__2026-08-16T10:00:00+00:00,daily,scheduled,success,2026-08-17 19:00:06.290,2026-08-17 19:39:46.961,2380,2026-08-17,2026-08-18
3f,GPCC_stage2_select,manual__2026-08-17T10:39:42.209537+00:00,daily,manual,success,2026-08-17 19:39:45.693,2026-08-17 20:17:56.835,2291,2026-08-17,2026-08-18
3f,gpcc_select_dq_mail,scheduled__2026-08-16T11:00:00+00:00,daily,scheduled,success,2026-08-17 20:00:06.253,2026-08-17 20:22:24.976,1338,2026-08-17,2026-08-18
3f,GPCC_stage3_interaction_feautre,manual__2026-08-17T11:17:50.750836+00:00,daily,manual,success,2026-08-17 20:17:54.839,2026-08-17 20:40:21.704,1346,2026-08-17,2026-08-18
3f,GPCC_mthly_execute_trigger,scheduled__2026-08-16T12:30:00+00:00,daily,scheduled,success,2026-08-17 21:30:04.244,2026-08-17 21:30:32.721,28,2026-08-17,2026-08-18
3f,GPCC_mthly_rec_result,manual__2026-08-17T12:30:29.252417+00:00,daily,manual,success,2026-08-17 21:30:32.249,2026-08-17 21:51:56.113,1283,2026-08-17,2026-08-18
3f,duplicate_ft_result_check,scheduled__2026-08-16T14:40:00+00:00,daily,scheduled,success,2026-08-17 23:40:05.115,2026-08-17 23:51:26.109,680,2026-08-17,2026-08-18
3f,GPCC_stage4_post_proc,scheduled__2026-08-16T14:40:00+00:00,daily,scheduled,success,2026-08-17 23:40:05.217,2026-08-18 00:03:48.361,1423,2026-08-17,2026-08-18
3f,gpcc_mark_success,manual__2026-08-17T15:03:47.583576+00:00,daily,manual,success,2026-08-18 00:03:50.449,2026-08-18 00:04:11.147,20,2026-08-18,2026-08-19
3f,gpcc_dd_transfer,scheduled__2026-08-16T16:00:00+00:00,daily,scheduled,success,2026-08-18 01:00:04.673,2026-08-18 01:17:45.691,1061,2026-08-18,2026-08-19
3f,gpcc_dq_mail,manual__2026-08-17T16:03:28.597809+00:00,daily,manual,success,2026-08-18 01:03:32.681,2026-08-18 01:23:45.556,1212,2026-08-18,2026-08-19
3f,temp_log_agg,scheduled__2026-08-17T03:00:00+00:00,daily,scheduled,success,2026-08-18 12:00:03.847,2026-08-18 12:31:39.590,1895,2026-08-18,2026-08-19
3f,GPCC_stage1_item_feature,scheduled__2026-08-17T10:00:00+00:00,daily,scheduled,success,2026-08-18 19:00:06.579,2026-08-18 19:40:34.236,2427,2026-08-18,2026-08-19
3f,GPCC_stage2_select,manual__2026-08-18T10:40:30.149473+00:00,daily,manual,success,2026-08-18 19:40:33.181,2026-08-18 20:21:13.506,2440,2026-08-18,2026-08-19
3f,gpcc_select_dq_mail,scheduled__2026-08-17T11:00:00+00:00,daily,scheduled,success,2026-08-18 20:00:04.239,2026-08-18 20:21:15.125,1270,2026-08-18,2026-08-19
3f,GPCC_stage3_interaction_feautre,manual__2026-08-18T11:21:09.622365+00:00,daily,manual,success,2026-08-18 20:21:12.783,2026-08-18 20:42:11.735,1258,2026-08-18,2026-08-19
3f,GPCC_mthly_execute_trigger,scheduled__2026-08-17T12:30:00+00:00,daily,scheduled,success,2026-08-18 21:30:05.050,2026-08-18 21:30:33.026,27,2026-08-18,2026-08-19
3f,GPCC_mthly_rec_result,manual__2026-08-18T12:30:29.368026+00:00,daily,manual,success,2026-08-18 21:30:32.590,2026-08-18 21:50:50.831,1218,2026-08-18,2026-08-19
3f,GPCC_stage4_post_proc,scheduled__2026-08-17T14:40:00+00:00,daily,scheduled,success,2026-08-18 23:40:06.366,2026-08-19 00:00:24.286,1217,2026-08-18,2026-08-19
3f,duplicate_ft_result_check,scheduled__2026-08-17T14:40:00+00:00,daily,scheduled,success,2026-08-18 23:40:06.444,2026-08-18 23:51:29.358,682,2026-08-18,2026-08-19
3f,gpcc_mark_success,manual__2026-08-18T15:00:23.487409+00:00,daily,manual,success,2026-08-19 00:00:27.544,2026-08-19 00:00:55.267,27,2026-08-19,2026-08-20
3f,gpcc_dd_transfer,scheduled__2026-08-17T16:00:00+00:00,daily,scheduled,success,2026-08-19 01:00:04.823,2026-08-19 01:17:04.073,1019,2026-08-19,2026-08-20
3f,gpcc_dq_mail,manual__2026-08-18T16:03:40.539400+00:00,daily,manual,success,2026-08-19 01:03:44.212,2026-08-19 01:25:13.000,1288,2026-08-19,2026-08-20
3f,temp_log_agg,scheduled__2026-08-18T03:00:00+00:00,daily,scheduled,success,2026-08-19 12:00:04.168,2026-08-19 12:34:20.170,2056,2026-08-19,2026-08-20
3f,GPCC_stage1_item_feature,scheduled__2026-08-18T10:00:00+00:00,daily,scheduled,success,2026-08-19 19:00:06.726,2026-08-19 19:40:42.915,2436,2026-08-19,2026-08-20
3f,GPCC_stage2_select,manual__2026-08-19T10:40:37.680695+00:00,daily,manual,success,2026-08-19 19:40:41.171,2026-08-19 20:17:25.174,2204,2026-08-19,2026-08-20
3f,gpcc_select_dq_mail,scheduled__2026-08-18T11:00:00+00:00,daily,scheduled,success,2026-08-19 20:00:07.523,2026-08-19 20:19:53.513,1185,2026-08-19,2026-08-20
3f,GPCC_stage3_interaction_feautre,manual__2026-08-19T11:17:20.935071+00:00,daily,manual,success,2026-08-19 20:17:24.120,2026-08-19 20:40:00.596,1356,2026-08-19,2026-08-20
3f,GPCC_mthly_execute_trigger,scheduled__2026-08-18T12:30:00+00:00,daily,scheduled,success,2026-08-19 21:30:04.416,2026-08-19 21:30:35.304,30,2026-08-19,2026-08-20
3f,GPCC_mthly_rec_result,manual__2026-08-19T12:30:32.135184+00:00,daily,manual,success,2026-08-19 21:30:34.984,2026-08-19 21:50:34.896,1199,2026-08-19,2026-08-20
3f,GPCC_stage4_post_proc,scheduled__2026-08-18T14:40:00+00:00,daily,scheduled,success,2026-08-19 23:40:07.274,2026-08-20 00:03:27.336,1400,2026-08-19,2026-08-20
3f,duplicate_ft_result_check,scheduled__2026-08-18T14:40:00+00:00,daily,scheduled,success,2026-08-19 23:40:07.484,2026-08-19 23:51:03.596,656,2026-08-19,2026-08-20
3f,gpcc_mark_success,manual__2026-08-19T15:03:26.542655+00:00,daily,manual,success,2026-08-20 00:03:30.454,2026-08-20 00:03:57.648,27,2026-08-20,2026-08-21
3f,gpcc_dd_transfer,scheduled__2026-08-18T16:00:00+00:00,daily,scheduled,success,2026-08-20 01:00:04.817,2026-08-20 01:17:04.071,1019,2026-08-20,2026-08-21
3f,gpcc_dq_mail,manual__2026-08-19T16:03:38.652597+00:00,daily,manual,success,2026-08-20 01:03:41.611,2026-08-20 01:24:47.301,1265,2026-08-20,2026-08-21
3f,GPCC_train,scheduled__2026-08-16T21:00:00+00:00,unknown,scheduled,success,2026-08-20 06:00:07.176,2026-08-20 09:58:17.451,14290,2026-08-20,2026-08-21
3f,gpcc_train_dq_mail,manual__2026-08-20T00:58:12.167985+00:00,unknown,manual,success,2026-08-20 09:58:16.098,2026-08-20 09:59:14.823,58,2026-08-20,2026-08-21
3f,gpcc_train_dq_mail,scheduled__2026-08-17T02:30:00+00:00,unknown,scheduled,success,2026-08-20 11:30:05.408,2026-08-20 11:31:04.554,59,2026-08-20,2026-08-21
3f,temp_log_agg,scheduled__2026-08-19T03:00:00+00:00,daily,scheduled,success,2026-08-20 12:00:06.330,2026-08-20 12:19:02.885,1136,2026-08-20,2026-08-21
3f,GPCC_stage1_item_feature,scheduled__2026-08-19T10:00:00+00:00,daily,scheduled,success,2026-08-20 19:00:07.575,2026-08-20 19:38:34.619,2307,2026-08-20,2026-08-21
3f,GPCC_stage2_select,manual__2026-08-20T10:38:30.560030+00:00,daily,manual,success,2026-08-20 19:38:33.983,2026-08-20 20:18:44.692,2410,2026-08-20,2026-08-21
3f,gpcc_select_dq_mail,scheduled__2026-08-19T11:00:00+00:00,daily,scheduled,success,2026-08-20 20:00:03.642,2026-08-20 20:22:37.934,1354,2026-08-20,2026-08-21
3f,GPCC_stage3_interaction_feautre,manual__2026-08-20T11:18:39.279776+00:00,daily,manual,success,2026-08-20 20:18:43.211,2026-08-20 20:39:38.358,1255,2026-08-20,2026-08-21
3f,GPCC_mthly_execute_trigger,scheduled__2026-08-19T12:30:00+00:00,daily,scheduled,success,2026-08-20 21:30:03.514,2026-08-20 21:30:31.431,27,2026-08-20,2026-08-21
3f,GPCC_mthly_rec_result,manual__2026-08-20T12:30:27.079480+00:00,daily,manual,success,2026-08-20 21:30:31.013,2026-08-20 21:50:57.415,1226,2026-08-20,2026-08-21
3f,GPCC_stage4_post_proc,scheduled__2026-08-19T14:40:00+00:00,daily,scheduled,success,2026-08-20 23:40:05.109,2026-08-21 00:03:31.646,1406,2026-08-20,2026-08-21
3f,duplicate_ft_result_check,scheduled__2026-08-19T14:40:00+00:00,daily,scheduled,success,2026-08-20 23:40:05.553,2026-08-20 23:51:21.825,676,2026-08-20,2026-08-21
3f,gpcc_mark_success,manual__2026-08-20T15:03:30.807417+00:00,daily,manual,success,2026-08-21 00:03:34.036,2026-08-21 00:03:55.755,21,2026-08-21,2026-08-22
3f,gpcc_dd_transfer,scheduled__2026-08-19T16:00:00+00:00,daily,scheduled,success,2026-08-21 01:00:07.339,2026-08-21 01:16:32.690,985,2026-08-21,2026-08-22
3f,gpcc_dq_mail,manual__2026-08-20T16:03:24.048274+00:00,daily,manual,success,2026-08-21 01:03:27.800,2026-08-21 01:25:00.370,1292,2026-08-21,2026-08-22
3f,temp_log_agg,scheduled__2026-08-20T03:00:00+00:00,daily,scheduled,success,2026-08-21 12:00:03.582,2026-08-21 12:32:05.241,1921,2026-08-21,2026-08-22
3f,GPCC_stage1_item_feature,scheduled__2026-08-20T10:00:00+00:00,daily,scheduled,success,2026-08-21 19:00:04.170,2026-08-21 19:40:41.250,2437,2026-08-21,2026-08-22
3f,GPCC_stage2_select,manual__2026-08-21T10:40:36.852750+00:00,daily,manual,success,2026-08-21 19:40:39.985,2026-08-21 20:17:54.353,2234,2026-08-21,2026-08-22
3f,gpcc_select_dq_mail,scheduled__2026-08-20T11:00:00+00:00,daily,scheduled,success,2026-08-21 20:00:03.932,2026-08-21 20:22:02.763,1318,2026-08-21,2026-08-22
3f,GPCC_stage3_interaction_feautre,manual__2026-08-21T11:17:50.689110+00:00,daily,manual,success,2026-08-21 20:17:53.496,2026-08-21 20:39:22.002,1288,2026-08-21,2026-08-22
3f,GPCC_mthly_execute_trigger,scheduled__2026-08-20T12:30:00+00:00,daily,scheduled,success,2026-08-21 21:30:05.468,2026-08-21 21:30:30.118,24,2026-08-21,2026-08-22
3f,GPCC_mthly_rec_result,manual__2026-08-21T12:30:25.791092+00:00,daily,manual,success,2026-08-21 21:30:29.583,2026-08-21 21:55:30.029,1500,2026-08-21,2026-08-22
3f,GPCC_stage4_post_proc,scheduled__2026-08-20T14:40:00+00:00,daily,scheduled,success,2026-08-21 23:40:04.066,2026-08-22 00:00:38.982,1234,2026-08-21,2026-08-22
3f,duplicate_ft_result_check,scheduled__2026-08-20T14:40:00+00:00,daily,scheduled,success,2026-08-21 23:40:06.286,2026-08-21 23:51:36.500,690,2026-08-21,2026-08-22
3f,gpcc_mark_success,manual__2026-08-21T15:00:38.087503+00:00,daily,manual,success,2026-08-22 00:00:41.081,2026-08-22 00:01:06.970,25,2026-08-22,2026-08-23
3f,gpcc_dd_transfer,scheduled__2026-08-20T16:00:00+00:00,daily,scheduled,success,2026-08-22 01:00:04.486,2026-08-22 01:17:59.267,1074,2026-08-22,2026-08-23
3f,gpcc_dq_mail,manual__2026-08-21T16:03:39.255521+00:00,daily,manual,success,2026-08-22 01:03:42.406,2026-08-22 01:22:34.918,1132,2026-08-22,2026-08-23
3f,temp_log_agg,scheduled__2026-08-21T03:00:00+00:00,daily,scheduled,success,2026-08-22 12:00:07.147,2026-08-22 12:33:56.475,2029,2026-08-22,2026-08-23
3f,GPCC_stage1_item_feature,scheduled__2026-08-21T10:00:00+00:00,daily,scheduled,success,2026-08-22 19:00:04.514,2026-08-22 19:38:26.618,2302,2026-08-22,2026-08-23
3f,GPCC_stage2_select,manual__2026-08-22T10:38:22.455221+00:00,daily,manual,success,2026-08-22 19:38:25.925,2026-08-22 20:13:33.312,2107,2026-08-22,2026-08-23
3f,gpcc_select_dq_mail,scheduled__2026-08-21T11:00:00+00:00,daily,scheduled,success,2026-08-22 20:00:06.497,2026-08-22 20:23:20.637,1394,2026-08-22,2026-08-23
3f,GPCC_stage3_interaction_feautre,manual__2026-08-22T11:13:27.635926+00:00,daily,manual,success,2026-08-22 20:13:31.525,2026-08-22 20:36:25.639,1374,2026-08-22,2026-08-23
3f,GPCC_mthly_execute_trigger,scheduled__2026-08-21T12:30:00+00:00,daily,scheduled,success,2026-08-22 21:30:07.481,2026-08-22 21:30:37.546,30,2026-08-22,2026-08-23
3f,GPCC_mthly_rec_result,manual__2026-08-22T12:30:33.217418+00:00,daily,manual,success,2026-08-22 21:30:37.066,2026-08-22 21:51:19.000,1241,2026-08-22,2026-08-23
3f,duplicate_ft_result_check,scheduled__2026-08-21T14:40:00+00:00,daily,scheduled,success,2026-08-22 23:40:04.705,2026-08-22 23:50:17.685,612,2026-08-22,2026-08-23
3f,GPCC_stage4_post_proc,scheduled__2026-08-21T14:40:00+00:00,daily,scheduled,success,2026-08-22 23:40:07.599,2026-08-23 00:04:35.834,1468,2026-08-22,2026-08-23
3f,gpcc_mark_success,manual__2026-08-22T15:04:35.075162+00:00,daily,manual,success,2026-08-23 00:04:38.565,2026-08-23 00:05:03.294,24,2026-08-23,2026-08-24
3f,gpcc_dd_transfer,scheduled__2026-08-21T16:00:00+00:00,daily,scheduled,success,2026-08-23 01:00:04.064,2026-08-23 01:16:35.942,991,2026-08-23,2026-08-24
3f,gpcc_dq_mail,manual__2026-08-22T16:03:34.815956+00:00,daily,manual,success,2026-08-23 01:03:37.865,2026-08-23 01:22:28.264,1130,2026-08-23,2026-08-24
3f,temp_log_agg,scheduled__2026-08-22T03:00:00+00:00,daily,scheduled,success,2026-08-23 12:00:03.611,2026-08-23 12:32:48.718,1965,2026-08-23,2026-08-24
3f,GPCC_stage1_item_feature,scheduled__2026-08-22T10:00:00+00:00,daily,scheduled,failed,2026-08-23 19:00:03.771,2026-08-23 19:12:56.110,772,2026-08-23,2026-08-24
3f,gpcc_select_dq_mail,scheduled__2026-08-22T11:00:00+00:00,daily,scheduled,failed,2026-08-23 20:00:06.030,2026-08-23 20:01:44.619,98,2026-08-23,2026-08-24
3f,GPCC_mthly_execute_trigger,scheduled__2026-08-22T12:30:00+00:00,daily,scheduled,success,2026-08-23 21:30:04.747,2026-08-23 21:30:32.480,27,2026-08-23,2026-08-24
3f,GPCC_mthly_rec_result,manual__2026-08-23T12:30:27.846679+00:00,daily,manual,success,2026-08-23 21:30:32.029,2026-08-23 21:55:18.951,1486,2026-08-23,2026-08-24
3f,GPCC_stage4_post_proc,scheduled__2026-08-22T14:40:00+00:00,daily,scheduled,failed,2026-08-23 23:40:06.029,2026-08-24 03:40:15.081,14409,2026-08-23,2026-08-24
3f,duplicate_ft_result_check,scheduled__2026-08-22T14:40:00+00:00,daily,scheduled,failed,2026-08-23 23:40:06.467,2026-08-23 23:41:11.708,65,2026-08-23,2026-08-24
3f,gpcc_dd_transfer,scheduled__2026-08-22T16:00:00+00:00,daily,scheduled,success,2026-08-24 01:00:03.745,2026-08-24 04:16:24.397,11780,2026-08-24,2026-08-25
3f,gpcc_svc_sg,manual__2026-08-23T18:40:14.189901+00:00,daily,manual,success,2026-08-24 03:40:17.697,2026-08-24 04:00:09.881,1192,2026-08-24,2026-08-25
3f,gpcc_mark_success,manual__2026-08-23T19:00:05.900897+00:00,daily,manual,success,2026-08-24 04:00:10.057,2026-08-24 04:00:35.358,25,2026-08-24,2026-08-25
3f,gpcc_dq_mail,manual__2026-08-23T19:03:45.560746+00:00,daily,manual,success,2026-08-24 04:03:49.108,2026-08-24 04:23:29.075,1179,2026-08-24,2026-08-25
3f,GPCC_train,scheduled__2026-08-19T21:00:00+00:00,unknown,scheduled,success,2026-08-24 06:00:07.526,2026-08-24 10:02:17.735,14530,2026-08-24,2026-08-25
3f,gpcc_train_dq_mail,manual__2026-08-24T01:02:13.246029+00:00,unknown,manual,success,2026-08-24 10:02:16.759,2026-08-24 10:03:12.063,55,2026-08-24,2026-08-25
3f,gpcc_train_dq_mail,scheduled__2026-08-20T02:30:00+00:00,unknown,scheduled,success,2026-08-24 11:30:05.892,2026-08-24 11:31:03.947,58,2026-08-24,2026-08-25
3f,temp_log_agg,scheduled__2026-08-23T03:00:00+00:00,daily,scheduled,success,2026-08-24 12:00:04.424,2026-08-24 12:33:27.229,2002,2026-08-24,2026-08-25
3f,GPCC_stage1_item_feature,scheduled__2026-08-23T10:00:00+00:00,daily,scheduled,success,2026-08-24 19:00:05.176,2026-08-24 19:41:51.643,2506,2026-08-24,2026-08-25
3f,GPCC_stage2_select,manual__2026-08-24T10:41:47.334769+00:00,daily,manual,success,2026-08-24 19:41:50.164,2026-08-24 20:22:36.163,2445,2026-08-24,2026-08-25
3f,gpcc_select_dq_mail,scheduled__2026-08-23T11:00:00+00:00,daily,scheduled,success,2026-08-24 20:00:04.830,2026-08-24 20:21:19.740,1274,2026-08-24,2026-08-25
3f,GPCC_stage3_interaction_feautre,manual__2026-08-24T11:22:31.722868+00:00,daily,manual,success,2026-08-24 20:22:35.407,2026-08-24 20:45:07.447,1352,2026-08-24,2026-08-25
3f,GPCC_mthly_execute_trigger,scheduled__2026-08-23T12:30:00+00:00,daily,scheduled,success,2026-08-24 21:30:07.623,2026-08-24 21:30:32.935,25,2026-08-24,2026-08-25
3f,GPCC_mthly_rec_result,manual__2026-08-24T12:30:29.528975+00:00,daily,manual,success,2026-08-24 21:30:32.361,2026-08-24 21:54:17.995,1425,2026-08-24,2026-08-25
3f,duplicate_ft_result_check,scheduled__2026-08-23T14:40:00+00:00,daily,scheduled,success,2026-08-24 23:40:04.411,2026-08-24 23:50:51.222,646,2026-08-24,2026-08-25
3f,GPCC_stage4_post_proc,scheduled__2026-08-23T14:40:00+00:00,daily,scheduled,success,2026-08-24 23:40:07.981,2026-08-25 00:03:10.048,1382,2026-08-24,2026-08-25
3f,gpcc_mark_success,manual__2026-08-24T15:03:09.132452+00:00,daily,manual,success,2026-08-25 00:03:12.606,2026-08-25 00:03:34.382,21,2026-08-25,2026-08-26
3f,gpcc_dd_transfer,scheduled__2026-08-23T16:00:00+00:00,daily,scheduled,success,2026-08-25 01:00:06.646,2026-08-25 01:17:38.282,1051,2026-08-25,2026-08-26
3f,gpcc_dq_mail,manual__2026-08-24T16:03:33.145055+00:00,daily,manual,success,2026-08-25 01:03:36.448,2026-08-25 01:23:29.399,1192,2026-08-25,2026-08-26
3f,temp_log_agg,scheduled__2026-08-24T03:00:00+00:00,daily,scheduled,success,2026-08-25 12:00:05.990,2026-08-25 12:29:07.924,1741,2026-08-25,2026-08-26
3f,GPCC_stage1_item_feature,scheduled__2026-08-24T10:00:00+00:00,daily,scheduled,success,2026-08-25 19:00:06.267,2026-08-25 19:39:12.140,2345,2026-08-25,2026-08-26
3f,GPCC_stage2_select,manual__2026-08-25T10:39:07.007206+00:00,daily,manual,success,2026-08-25 19:39:10.884,2026-08-25 20:16:16.915,2226,2026-08-25,2026-08-26
3f,gpcc_select_dq_mail,scheduled__2026-08-24T11:00:00+00:00,daily,scheduled,success,2026-08-25 20:00:05.069,2026-08-25 20:19:58.252,1193,2026-08-25,2026-08-26
3f,GPCC_stage3_interaction_feautre,manual__2026-08-25T11:16:12.589244+00:00,daily,manual,success,2026-08-25 20:16:15.655,2026-08-25 20:37:09.884,1254,2026-08-25,2026-08-26
3f,GPCC_mthly_execute_trigger,scheduled__2026-08-24T12:30:00+00:00,daily,scheduled,success,2026-08-25 21:30:06.009,2026-08-25 21:30:34.244,28,2026-08-25,2026-08-26
3f,GPCC_mthly_rec_result,manual__2026-08-25T12:30:29.759682+00:00,daily,manual,success,2026-08-25 21:30:33.662,2026-08-25 21:51:54.836,1281,2026-08-25,2026-08-26
3f,duplicate_ft_result_check,scheduled__2026-08-24T14:40:00+00:00,daily,scheduled,success,2026-08-25 23:40:05.315,2026-08-25 23:51:16.300,670,2026-08-25,2026-08-26
3f,GPCC_stage4_post_proc,scheduled__2026-08-24T14:40:00+00:00,daily,scheduled,success,2026-08-25 23:40:07.873,2026-08-26 00:03:43.564,1415,2026-08-25,2026-08-26
3f,gpcc_mark_success,manual__2026-08-25T15:03:42.623352+00:00,daily,manual,success,2026-08-26 00:03:46.690,2026-08-26 00:04:13.461,26,2026-08-26,2026-08-27
3f,gpcc_dd_transfer,scheduled__2026-08-24T16:00:00+00:00,daily,scheduled,success,2026-08-26 01:00:05.474,2026-08-26 01:18:37.766,1112,2026-08-26,2026-08-27
3f,gpcc_dq_mail,manual__2026-08-25T16:03:37.712110+00:00,daily,manual,success,2026-08-26 01:03:41.000,2026-08-26 01:23:27.752,1186,2026-08-26,2026-08-27
3f,temp_log_agg,scheduled__2026-08-25T03:00:00+00:00,daily,scheduled,success,2026-08-26 12:00:04.731,2026-08-26 12:29:03.415,1738,2026-08-26,2026-08-27
3f,GPCC_stage1_item_feature,scheduled__2026-08-25T10:00:00+00:00,daily,scheduled,success,2026-08-26 19:00:06.937,2026-08-26 19:37:37.962,2251,2026-08-26,2026-08-27
3f,GPCC_stage2_select,manual__2026-08-26T10:37:33.373911+00:00,daily,manual,success,2026-08-26 19:37:36.838,2026-08-26 20:17:59.870,2423,2026-08-26,2026-08-27
3f,gpcc_select_dq_mail,scheduled__2026-08-25T11:00:00+00:00,daily,scheduled,success,2026-08-26 20:00:04.983,2026-08-26 20:22:05.596,1320,2026-08-26,2026-08-27
3f,GPCC_stage3_interaction_feautre,manual__2026-08-26T11:17:55.240354+00:00,daily,manual,success,2026-08-26 20:17:58.496,2026-08-26 20:40:24.034,1345,2026-08-26,2026-08-27
3f,GPCC_mthly_execute_trigger,scheduled__2026-08-25T12:30:00+00:00,daily,scheduled,success,2026-08-26 21:30:04.312,2026-08-26 21:30:35.554,31,2026-08-26,2026-08-27
3f,GPCC_mthly_rec_result,manual__2026-08-26T12:30:31.376839+00:00,daily,manual,success,2026-08-26 21:30:35.113,2026-08-26 21:53:12.298,1357,2026-08-26,2026-08-27
3f,GPCC_stage4_post_proc,scheduled__2026-08-25T14:40:00+00:00,daily,scheduled,success,2026-08-26 23:40:04.956,2026-08-27 00:02:52.409,1367,2026-08-26,2026-08-27
3f,duplicate_ft_result_check,scheduled__2026-08-25T14:40:00+00:00,daily,scheduled,success,2026-08-26 23:40:07.043,2026-08-26 23:51:37.758,690,2026-08-26,2026-08-27
3f,gpcc_mark_success,manual__2026-08-26T15:02:51.560518+00:00,daily,manual,success,2026-08-27 00:02:55.393,2026-08-27 00:03:19.687,24,2026-08-27,2026-08-28
3f,gpcc_dd_transfer,scheduled__2026-08-25T16:00:00+00:00,daily,scheduled,success,2026-08-27 01:00:04.459,2026-08-27 01:16:38.953,994,2026-08-27,2026-08-28
3f,gpcc_dq_mail,manual__2026-08-26T16:03:20.785729+00:00,daily,manual,success,2026-08-27 01:03:24.896,2026-08-27 01:24:23.955,1259,2026-08-27,2026-08-28
3f,GPCC_train,scheduled__2026-08-23T21:00:00+00:00,unknown,scheduled,success,2026-08-27 06:00:03.487,2026-08-27 10:03:46.019,14622,2026-08-27,2026-08-28
3f,gpcc_train_dq_mail,manual__2026-08-27T01:03:40.849914+00:00,unknown,manual,success,2026-08-27 10:03:44.642,2026-08-27 10:04:43.846,59,2026-08-27,2026-08-28
3f,gpcc_train_dq_mail,scheduled__2026-08-24T02:30:00+00:00,unknown,scheduled,success,2026-08-27 11:30:04.658,2026-08-27 11:31:05.139,60,2026-08-27,2026-08-28
3f,temp_log_agg,scheduled__2026-08-26T03:00:00+00:00,daily,scheduled,success,2026-08-27 12:00:06.648,2026-08-27 12:33:28.425,2001,2026-08-27,2026-08-28
3f,GPCC_stage1_item_feature,scheduled__2026-08-26T10:00:00+00:00,daily,scheduled,success,2026-08-27 19:00:06.039,2026-08-27 19:39:51.997,2385,2026-08-27,2026-08-28
3f,GPCC_stage2_select,manual__2026-08-27T10:39:47.155358+00:00,daily,manual,success,2026-08-27 19:39:50.493,2026-08-27 20:19:48.968,2398,2026-08-27,2026-08-28
3f,gpcc_select_dq_mail,scheduled__2026-08-26T11:00:00+00:00,daily,scheduled,success,2026-08-27 20:00:04.925,2026-08-27 20:22:09.469,1324,2026-08-27,2026-08-28
3f,GPCC_stage3_interaction_feautre,manual__2026-08-27T11:19:45.382316+00:00,daily,manual,success,2026-08-27 20:19:48.376,2026-08-27 20:39:48.894,1200,2026-08-27,2026-08-28
3f,GPCC_mthly_execute_trigger,scheduled__2026-08-26T12:30:00+00:00,daily,scheduled,success,2026-08-27 21:30:07.688,2026-08-27 21:30:32.736,25,2026-08-27,2026-08-28
3f,GPCC_mthly_rec_result,manual__2026-08-27T12:30:28.200696+00:00,daily,manual,success,2026-08-27 21:30:32.140,2026-08-27 21:52:11.565,1299,2026-08-27,2026-08-28
3f,duplicate_ft_result_check,scheduled__2026-08-26T14:40:00+00:00,daily,scheduled,success,2026-08-27 23:40:03.746,2026-08-27 23:51:05.487,661,2026-08-27,2026-08-28
3f,GPCC_stage4_post_proc,scheduled__2026-08-26T14:40:00+00:00,daily,scheduled,success,2026-08-27 23:40:03.779,2026-08-28 00:03:49.117,1425,2026-08-27,2026-08-28
3f,gpcc_mark_success,manual__2026-08-27T15:03:48.266289+00:00,daily,manual,success,2026-08-28 00:03:52.426,2026-08-28 00:04:16.410,23,2026-08-28,2026-08-29
3f,gpcc_dd_transfer,scheduled__2026-08-26T16:00:00+00:00,daily,scheduled,success,2026-08-28 01:00:03.533,2026-08-28 01:17:09.245,1025,2026-08-28,2026-08-29
3f,gpcc_dq_mail,manual__2026-08-27T16:03:31.308463+00:00,daily,manual,success,2026-08-28 01:03:34.521,2026-08-28 01:23:31.023,1196,2026-08-28,2026-08-29
3f,temp_log_agg,scheduled__2026-08-27T03:00:00+00:00,daily,scheduled,success,2026-08-28 12:00:06.512,2026-08-28 12:33:26.509,1999,2026-08-28,2026-08-29
3f,GPCC_stage1_item_feature,scheduled__2026-08-27T10:00:00+00:00,daily,scheduled,success,2026-08-28 19:00:07.434,2026-08-28 19:38:57.444,2330,2026-08-28,2026-08-29
3f,GPCC_stage2_select,manual__2026-08-28T10:38:53.922557+00:00,daily,manual,success,2026-08-28 19:38:56.814,2026-08-28 20:17:00.289,2283,2026-08-28,2026-08-29
3f,gpcc_select_dq_mail,scheduled__2026-08-27T11:00:00+00:00,daily,scheduled,success,2026-08-28 20:00:03.435,2026-08-28 20:20:32.575,1229,2026-08-28,2026-08-29
3f,GPCC_stage3_interaction_feautre,manual__2026-08-28T11:16:54.849487+00:00,daily,manual,success,2026-08-28 20:16:58.441,2026-08-28 20:39:24.494,1346,2026-08-28,2026-08-29
3f,GPCC_mthly_execute_trigger,scheduled__2026-08-27T12:30:00+00:00,daily,scheduled,success,2026-08-28 21:30:03.553,2026-08-28 21:30:31.866,28,2026-08-28,2026-08-29
3f,GPCC_mthly_rec_result,manual__2026-08-28T12:30:28.278234+00:00,daily,manual,success,2026-08-28 21:30:31.504,2026-08-28 21:54:37.382,1445,2026-08-28,2026-08-29
3f,duplicate_ft_result_check,scheduled__2026-08-27T14:40:00+00:00,daily,scheduled,success,2026-08-28 23:40:06.648,2026-08-28 23:50:54.528,647,2026-08-28,2026-08-29
3f,GPCC_stage4_post_proc,scheduled__2026-08-27T14:40:00+00:00,daily,scheduled,success,2026-08-28 23:40:07.174,2026-08-29 00:04:08.711,1441,2026-08-28,2026-08-29
3f,gpcc_mark_success,manual__2026-08-28T15:04:07.954507+00:00,daily,manual,success,2026-08-29 00:04:10.773,2026-08-29 00:04:36.936,26,2026-08-29,2026-08-30
3f,gpcc_dd_transfer,scheduled__2026-08-27T16:00:00+00:00,daily,scheduled,success,2026-08-29 01:00:05.590,2026-08-29 01:17:09.876,1024,2026-08-29,2026-08-30
3f,gpcc_dq_mail,manual__2026-08-28T16:03:28.946520+00:00,daily,manual,success,2026-08-29 01:03:32.011,2026-08-29 01:23:26.040,1194,2026-08-29,2026-08-30
3f,temp_log_agg,scheduled__2026-08-28T03:00:00+00:00,daily,scheduled,success,2026-08-29 12:00:03.768,2026-08-29 12:30:42.970,1839,2026-08-29,2026-08-30
3f,GPCC_stage1_item_feature,scheduled__2026-08-28T10:00:00+00:00,daily,scheduled,success,2026-08-29 19:00:04.840,2026-08-29 19:41:04.607,2459,2026-08-29,2026-08-30
3f,GPCC_stage2_select,manual__2026-08-29T10:40:59.713406+00:00,daily,manual,success,2026-08-29 19:41:03.539,2026-08-29 20:20:50.579,2387,2026-08-29,2026-08-30
3f,gpcc_select_dq_mail,scheduled__2026-08-28T11:00:00+00:00,daily,scheduled,success,2026-08-29 20:00:04.011,2026-08-29 20:20:58.866,1254,2026-08-29,2026-08-30
3f,GPCC_stage3_interaction_feautre,manual__2026-08-29T11:20:46.726031+00:00,daily,manual,success,2026-08-29 20:20:49.977,2026-08-29 20:41:12.957,1222,2026-08-29,2026-08-30
3f,GPCC_mthly_execute_trigger,scheduled__2026-08-28T12:30:00+00:00,daily,scheduled,success,2026-08-29 21:30:05.564,2026-08-29 21:30:34.487,28,2026-08-29,2026-08-30
3f,GPCC_mthly_rec_result,manual__2026-08-29T12:30:30.599953+00:00,daily,manual,success,2026-08-29 21:30:34.062,2026-08-29 21:53:42.055,1387,2026-08-29,2026-08-30
3f,duplicate_ft_result_check,scheduled__2026-08-28T14:40:00+00:00,daily,scheduled,success,2026-08-29 23:40:04.760,2026-08-29 23:51:03.603,658,2026-08-29,2026-08-30
3f,GPCC_stage4_post_proc,scheduled__2026-08-28T14:40:00+00:00,daily,scheduled,success,2026-08-29 23:40:05.290,2026-08-30 00:03:28.703,1403,2026-08-29,2026-08-30
3f,gpcc_mark_success,manual__2026-08-29T15:03:27.847330+00:00,daily,manual,success,2026-08-30 00:03:30.970,2026-08-30 00:03:55.299,24,2026-08-30,2026-08-31
3f,gpcc_dd_transfer,scheduled__2026-08-28T16:00:00+00:00,daily,scheduled,success,2026-08-30 01:00:04.478,2026-08-30 01:18:00.319,1075,2026-08-30,2026-08-31
3f,gpcc_dq_mail,manual__2026-08-29T16:03:24.679808+00:00,daily,manual,success,2026-08-30 01:03:27.805,2026-08-30 01:23:50.141,1222,2026-08-30,2026-08-31
3f,temp_log_agg,scheduled__2026-08-29T03:00:00+00:00,daily,scheduled,success,2026-08-30 12:00:07.106,2026-08-30 12:30:21.368,1814,2026-08-30,2026-08-31
3f,GPCC_stage1_item_feature,scheduled__2026-08-29T10:00:00+00:00,daily,scheduled,success,2026-08-30 19:00:07.599,2026-08-30 19:40:06.407,2398,2026-08-30,2026-08-31
3f,GPCC_stage2_select,manual__2026-08-30T10:40:01.036280+00:00,daily,manual,success,2026-08-30 19:40:04.639,2026-08-30 20:17:19.442,2234,2026-08-30,2026-08-31
3f,gpcc_select_dq_mail,scheduled__2026-08-29T11:00:00+00:00,daily,scheduled,success,2026-08-30 20:00:03.616,2026-08-30 20:24:06.750,1443,2026-08-30,2026-08-31
3f,GPCC_stage3_interaction_feautre,manual__2026-08-30T11:17:14.868747+00:00,daily,manual,success,2026-08-30 20:17:18.085,2026-08-30 20:39:06.473,1308,2026-08-30,2026-08-31
3f,GPCC_mthly_execute_trigger,scheduled__2026-08-29T12:30:00+00:00,daily,scheduled,success,2026-08-30 21:30:04.089,2026-08-30 21:30:28.739,24,2026-08-30,2026-08-31
3f,GPCC_mthly_rec_result,manual__2026-08-30T12:30:24.418339+00:00,daily,manual,success,2026-08-30 21:30:28.391,2026-08-30 21:54:37.050,1448,2026-08-30,2026-08-31
3f,duplicate_ft_result_check,scheduled__2026-08-29T14:40:00+00:00,daily,scheduled,success,2026-08-30 23:40:03.460,2026-08-30 23:50:17.859,614,2026-08-30,2026-08-31
3f,GPCC_stage4_post_proc,scheduled__2026-08-29T14:40:00+00:00,daily,scheduled,success,2026-08-30 23:40:04.893,2026-08-31 00:01:56.244,1311,2026-08-30,2026-08-31
3f,gpcc_mark_success,manual__2026-08-30T15:01:55.412697+00:00,daily,manual,success,2026-08-31 00:01:59.069,2026-08-31 00:02:18.509,19,2026-08-31,2026-09-01
3f,gpcc_dd_transfer,scheduled__2026-08-29T16:00:00+00:00,daily,scheduled,success,2026-08-31 01:00:04.038,2026-08-31 01:18:21.419,1097,2026-08-31,2026-09-01
3f,gpcc_dq_mail,manual__2026-08-30T16:03:37.860613+00:00,daily,manual,success,2026-08-31 01:03:41.932,2026-08-31 01:22:00.011,1098,2026-08-31,2026-09-01
3f,GPCC_train,scheduled__2026-08-26T21:00:00+00:00,unknown,scheduled,success,2026-08-31 06:00:04.276,2026-08-31 09:56:51.013,14206,2026-08-31,2026-09-01
3f,gpcc_train_dq_mail,manual__2026-08-31T00:56:47.212937+00:00,unknown,manual,success,2026-08-31 09:56:50.386,2026-08-31 09:57:49.643,59,2026-08-31,2026-09-01
3f,gpcc_train_dq_mail,scheduled__2026-08-27T02:30:00+00:00,unknown,scheduled,success,2026-08-31 11:30:06.112,2026-08-31 11:31:00.978,54,2026-08-31,2026-09-01
3f,temp_log_agg,scheduled__2026-08-30T03:00:00+00:00,daily,scheduled,success,2026-08-31 12:00:07.463,2026-08-31 12:31:39.279,1891,2026-08-31,2026-09-01
3f,GPCC_stage1_item_feature,scheduled__2026-08-30T10:00:00+00:00,daily,scheduled,success,2026-08-31 19:00:06.796,2026-08-31 19:37:16.201,2229,2026-08-31,2026-09-01
3f,GPCC_stage2_select,manual__2026-08-31T10:37:11.349642+00:00,daily,manual,success,2026-08-31 19:37:14.782,2026-08-31 20:18:13.286,2458,2026-08-31,2026-09-01
3f,gpcc_select_dq_mail,scheduled__2026-08-30T11:00:00+00:00,daily,scheduled,success,2026-08-31 20:00:03.947,2026-08-31 20:22:01.877,1317,2026-08-31,2026-09-01
3f,GPCC_stage3_interaction_feautre,manual__2026-08-31T11:18:08.807885+00:00,daily,manual,success,2026-08-31 20:18:12.815,2026-08-31 20:40:07.214,1314,2026-08-31,2026-09-01
3f,GPCC_mthly_execute_trigger,scheduled__2026-08-30T12:30:00+00:00,daily,scheduled,success,2026-08-31 21:30:04.211,2026-08-31 21:30:36.424,32,2026-08-31,2026-09-01
3f,GPCC_mthly_rec_result,manual__2026-08-31T12:30:32.522123+00:00,daily,manual,success,2026-08-31 21:30:35.999,2026-08-31 21:53:18.444,1362,2026-08-31,2026-09-01
3f,duplicate_ft_result_check,scheduled__2026-08-30T14:40:00+00:00,daily,scheduled,success,2026-08-31 23:40:06.198,2026-08-31 23:50:18.412,612,2026-08-31,2026-09-01
3f,GPCC_stage4_post_proc,scheduled__2026-08-30T14:40:00+00:00,daily,scheduled,success,2026-08-31 23:40:07.341,2026-09-01 00:03:24.884,1397,2026-08-31,2026-09-01
